Column1;cell_zid;month;year;schoolchildren_self_load_mean;customers_cnt_self;self_overload;is_self_overload;self_overload_cross_mean;is_self_overload_cross_mean;customers_cnt_out;out_overload;is_out_overload;out_overload_cross_mean;is_out_overload_cross_mean;customers_cnt_in;in_overload;is_in_overload;in_overload_cross_mean;is_in_overload_cross_mean;global_id;ObjectName;ObjectAddress;coordinates
33009;68294;July;2020;;;;;;;879.0;13.523076923076923;»—“»Õ¿;22.14625267679002;»—“»Õ¿;234.0;3.6;»—“»Õ¿;5.058141424273027;»—“»Õ¿;;;;[[37.52775028382143, 55.44212642604922], [37.53565171232739, 55.442124379348], [37.53565576194245, 55.44661606129921], [37.527753435927494, 55.44661810834189], [37.52775028382143, 55.44212642604922]]
33197;68874;July;2020;;;;;;;103.0;1.5846153846153845;ÀŒ∆‹;9.56567640005298;»—“»Õ¿;130.0;2.0;»—“»Õ¿;29.884644823328813;»—“»Õ¿;;;;[[37.26697774444307, 55.446399428173706], [37.274879964521105, 55.44641421832749], [37.27485438950475, 55.45090586328132], [37.26695127169905, 55.450891071756175], [37.26697774444307, 55.446399428173706]]
33237;68907;July;2020;;;;;;;669.0;10.292307692307693;»—“»Õ¿;11.485513059684013;»—“»Õ¿;151.0;2.3230769230769233;»—“»Õ¿;8.932034518860323;»—“»Õ¿;;;;[[37.527753435927494, 55.44661810834189], [37.53565576194245, 55.44661606129921], [37.535659812696274, 55.451107739932], [37.52775658891995, 55.45110978731627], [37.527753435927494, 55.44661810834189]]
33885;70718;July;2020;;;;;;;384.0;5.907692307692308;»—“»Õ¿;33.67982398889797;»—“»Õ¿;172.0;2.646153846153846;»—“»Õ¿;38.81638992789969;»—“»Õ¿;;;;[[37.282708139082814, 55.45990343140353], [37.29061306722575, 55.4599172080344], [37.290589267589375, 55.46440884769477], [37.28268344096213, 55.46439506876478], [37.282708139082814, 55.45990343140353]]
33953;70750;July;2020;;;;;;;995.0;15.307692307692308;»—“»Õ¿;31.926179097819688;»—“»Õ¿;155.0;2.3846153846153846;»—“»Õ¿;7.568696032245177;»—“»Õ¿;;;;[[37.53566791762304, 55.460091088339674], [37.543572935574915, 55.46008852979466], [37.5435778882675, 55.46458019914295], [37.53567197179683, 55.464582758114936], [37.53566791762304, 55.460091088339674]]
34349;71948;July;2020;;;;;;;558.0;8.584615384615384;»—“»Õ¿;2.0424517263695963;»—“»Õ¿;173.0;2.6615384615384614;»—“»Õ¿;2.885395271436736;»—“»Õ¿;;;;[[37.3142856765218, 55.468938764997475], [37.32219242813102, 55.46895050258324], [37.32217221011585, 55.47344214503889], [37.31426456047698, 55.473430404398826], [37.3142856765218, 55.468938764997475]]
34557;72560;July;2020;;;;;;;576.0;8.861538461538462;»—“»Õ¿;3.9418558907852166;»—“»Õ¿;324.0;4.984615384615385;»—“»Õ¿;34.19436055036144;»—“»Õ¿;;;;[[37.31426456047698, 55.473430404398826], [37.32217221011585, 55.47344214503889], [37.322151987382014, 55.47793378307762], [37.31424343849055, 55.477922040477864], [37.31426456047698, 55.473430404398826]]
34977;73791;July;2020;;;;;;;496.0;7.630769230769231;»—“»Õ¿;7.627460818161497;»—“»Õ¿;136.0;2.0923076923076924;»—“»Õ¿;3.8027192042697013;»—“»Õ¿;;;;[[37.32213175895238, 55.48242541889112], [37.33004121304279, 55.482436652555975], [37.33002187868839, 55.486928285278616], [37.322111524834625, 55.486917050286685], [37.32213175895238, 55.48242541889112]]
35065;73820;July;2020;;;;;;;665.0;10.23076923076923;»—“»Õ¿;24.075203234260727;»—“»Õ¿;218.0;3.353846153846154;»—“»Õ¿;7.520461800238009;»—“»Õ¿;;;;[[37.55150722271961, 55.48254376793991], [37.5594167327517, 55.482540187096824], [37.55942349197907, 55.487031837103196], [37.55151308216699, 55.487035420189], [37.55150722271961, 55.48254376793991]]
35285;74436;July;2020;;;;;;;924.0;14.215384615384615;»—“»Õ¿;28.555093766168817;»—“»Õ¿;212.0;3.2615384615384615;»—“»Õ¿;10.807321698666268;»—“»Õ¿;;;;[[37.55151308216699, 55.487035420189], [37.55942349197907, 55.487031837103196], [37.559430253109774, 55.49152348434086], [37.551518943262195, 55.491527068024844], [37.55151308216699, 55.487035420189]]
35437;75029;July;2020;;;;;;;535.0;8.23076923076923;»—“»Õ¿;22.879995709823163;»—“»Õ¿;139.0;2.1384615384615384;»—“»Õ¿;20.9071185856067;»—“»Õ¿;;;;[[37.32209128501671, 55.491408679457415], [37.33000253888256, 55.4914199168733], [37.3299831936421, 55.495911542954445], [37.32207103950878, 55.4959003036624], [37.32209128501671, 55.491408679457415]]
35513;75055;July;2020;;;;;;;1220.0;18.76923076923077;»—“»Õ¿;26.545500555163507;»—“»Õ¿;232.0;3.5692307692307694;»—“»Õ¿;19.31876509555866;»—“»Õ¿;;;;[[37.527785005798876, 55.491534752631985], [37.53569632080177, 55.49153270217015], [37.53570038296855, 55.49602434872652], [37.52778816767485, 55.496026399530685], [37.527785005798876, 55.491534752631985]]
35517;75056;July;2020;;;;;;;877.0;13.492307692307692;»—“»Õ¿;50.703032894919005;»—“»Õ¿;143.0;2.2;»—“»Õ¿;15.65492124717937;»—“»Õ¿;;;;[[37.53569632080177, 55.49153270217015], [37.54360763369587, 55.49153014063418], [37.5436125961529, 55.496021786762874], [37.53570038296855, 55.49602434872652], [37.53569632080177, 55.49153270217015]]
35705;75673;July;2020;;;;;;;393.0;6.046153846153846;»—“»Õ¿;11.825986243165989;»—“»Õ¿;143.0;2.2;»—“»Õ¿;8.988775612596537;»—“»Õ¿;;;;[[37.50405152519212, 55.49602948498278], [37.51196373853316, 55.49602896765865], [37.511965100209935, 55.50052061057359], [37.50405198632455, 55.50052112798409], [37.50405152519212, 55.49602948498278]]
35713;75675;July;2020;;;;;;;459.0;7.061538461538461;»—“»Õ¿;18.29764545399241;»—“»Õ¿;153.0;2.353846153846154;»—“»Õ¿;22.865517354335424;»—“»Õ¿;;;;[[37.51987595535379, 55.49602793917426], [37.52778816767485, 55.496026399530685], [37.52779133044019, 55.50051804201682], [37.5198782175752, 55.50051958191748], [37.51987595535379, 55.49602793917426]]
35717;75676;July;2020;;;;;;;784.0;12.061538461538461;»—“»Õ¿;29.271064401816584;»—“»Õ¿;166.0;2.5538461538461537;»—“»Õ¿;14.376619328465445;»—“»Õ¿;;;;[[37.52778816767485, 55.496026399530685], [37.53570038296855, 55.49602434872652], [37.53570444627794, 55.500515990870255], [37.52779133044019, 55.50051804201682], [37.52778816767485, 55.496026399530685]]
35913;76293;July;2020;;;;;;;475.0;7.3076923076923075;»—“»Õ¿;7.186619805767368;»—“»Õ¿;169.0;2.6;»—“»Õ¿;12.463915286070698;»—“»Õ¿;;;;[[37.511965100209935, 55.50052061057359], [37.5198782175752, 55.50051958191748], [37.5198804804341, 55.505011222441304], [37.51196646227043, 55.50501225126919], [37.511965100209935, 55.50052061057359]]
36121;76912;July;2020;;;;;;;579.0;8.907692307692308;»—“»Õ¿;30.83008035687705;»—“»Õ¿;170.0;2.6153846153846154;»—“»Õ¿;8.198527031566414;»—“»Õ¿;;;;[[37.5198804804341, 55.505011222441304], [37.527794494096796, 55.50500968228352], [37.527797658643486, 55.509501318138085], [37.51988274392963, 55.50950285855305], [37.5198804804341, 55.505011222441304]]
36253;77530;July;2020;;;;;;;537.0;8.261538461538462;»—“»Õ¿;17.194352259509223;»—“»Õ¿;164.0;2.523076923076923;»—“»Õ¿;14.143400614183939;»—“»Õ¿;;;;[[37.51988274392963, 55.50950285855305], [37.527797658643486, 55.509501318138085], [37.52780082408212, 55.513992951773595], [37.519885008063135, 55.5139944924458], [37.51988274392963, 55.50950285855305]]
36309;78110;July;2020;;;;;;;457.0;7.030769230769231;»—“»Õ¿;40.95350185684216;»—“»Õ¿;138.0;2.123076923076923;»—“»Õ¿;23.30445942462358;»—“»Õ¿;;;;[[37.219085756847065, 55.51367401939963], [37.22700142057821, 55.51369191552936], [37.226970328317286, 55.51818349447792], [37.21905376308658, 55.51816559535945], [37.219085756847065, 55.51367401939963]]
36389;78147;July;2020;;;;;;;592.0;9.107692307692307;»—“»Õ¿;42.313325813335865;»—“»Õ¿;152.0;2.3384615384615386;»—“»Õ¿;9.053044554571278;»—“»Õ¿;;;;[[37.5119691875415, 55.51399552052088], [37.519885008063135, 55.5139944924458], [37.51988727283378, 55.518486121926884], [37.511970550753055, 55.51848715127029], [37.5119691875415, 55.51399552052088]]
36425;78727;July;2020;;;;;;;515.0;7.923076923076923;»—“»Õ¿;31.58685353311907;»—“»Õ¿;143.0;2.2;»—“»Õ¿;26.330554859874585;»—“»Õ¿;;;;[[37.21905376308658, 55.51816559535945], [37.226970328317286, 55.51818349447792], [37.22693922729109, 55.52267507119637], [37.21902176030666, 55.52265716908849], [37.21905376308658, 55.51816559535945]]
36569;79380;July;2020;;;;;;;1058.0;16.276923076923076;»—“»Õ¿;48.15397347159403;»—“»Õ¿;197.0;3.0307692307692307;»—“»Õ¿;16.24678968548745;»—“»Õ¿;;;;[[37.49613666662798, 55.522979301621355], [37.504054293935475, 55.522979295450924], [37.50405475584778, 55.527470919657056], [37.49613622647213, 55.52747092582851], [37.49613666662798, 55.522979301621355]]
36693;79997;July;2020;;;;;;;1044.0;16.06153846153846;»—“»Õ¿;47.85507098867351;»—“»Õ¿;156.0;2.4;»—“»Õ¿;23.35060953960975;»—“»Õ¿;;;;[[37.48821770205285, 55.52747042024205], [37.49613622647213, 55.52747092582851], [37.49613578619237, 55.53196254562464], [37.48821635945162, 55.53196203995373], [37.48821770205285, 55.52747042024205]]
36697;80006;July;2020;;;;;;;206.0;3.169230769230769;»—“»Õ¿;3.33453466133479;»—“»Õ¿;189.0;2.9076923076923076;»—“»Õ¿;4.17967705450109;»—“»Õ¿;;;;[[37.559484410740424, 55.527456547242615], [37.56740292905934, 55.52745244701083], [37.56741060966613, 55.53194406481674], [37.5594911890284, 55.531948165733446], [37.559484410740424, 55.527456547242615]]
36701;80007;July;2020;;;;;;;442.0;6.8;»—“»Õ¿;88.6995995271729;»—“»Õ¿;184.0;2.830769230769231;»—“»Õ¿;28.95163008437754;»—“»Õ¿;;;;[[37.56740292905934, 55.52745244701083], [37.57532144134902, 55.52744783502469], [37.57533002427338, 55.531939452060236], [37.56741060966613, 55.53194406481674], [37.56740292905934, 55.52745244701083]]
36817;80611;July;2020;;;;;;;613.0;9.430769230769231;»—“»Õ¿;25.95780161259377;»—“»Õ¿;153.0;2.353846153846154;»—“»Õ¿;16.760610508085655;»—“»Õ¿;;;;[[37.45653865784714, 55.53195489883857], [37.46445808251595, 55.53195745188208], [37.46445403180951, 55.53644906860939], [37.456533704565814, 55.536446515139424], [37.45653865784714, 55.53195489883857]]
37329;83066;July;2020;;;;;;;616.0;9.476923076923077;»—“»Õ¿;41.947103764995816;»—“»Õ¿;222.0;3.4153846153846152;»—“»Õ¿;52.45760159614079;»—“»Õ¿;;;;[[37.48028794706939, 55.549927470753765], [37.488210985261276, 55.549928488948005], [37.48820964076711, 55.554420092089835], [37.48028569898172, 55.554419073725455], [37.48028794706939, 55.549927470753765]]
37333;83070;July;2020;;;;;;;686.0;10.553846153846154;»—“»Õ¿;30.294285391944847;»—“»Õ¿;295.0;4.538461538461538;»—“»Õ¿;41.571521996509006;»—“»Õ¿;;;;[[37.51198010399261, 55.54992847041837], [37.519903144106166, 55.54992743987073], [37.51990541398708, 55.55441904283725], [37.51198147027979, 55.554420073557104], [37.51198010399261, 55.54992847041837]]
37457;83679;July;2020;;;;;;;497.0;7.6461538461538465;»—“»Õ¿;42.73652628242182;»—“»Õ¿;159.0;2.4461538461538463;»—“»Õ¿;35.26282655796949;»—“»Õ¿;;;;[[37.472361757830065, 55.55441754309024], [37.48028569898172, 55.554419073725455], [37.48028345025973, 55.55891067448017], [37.47235860525985, 55.55890914358918], [37.472361757830065, 55.55441754309024]]
37461;83680;July;2020;;;;;;;581.0;8.938461538461539;»—“»Õ¿;49.21017971942276;»—“»Õ¿;190.0;2.923076923076923;»—“»Õ¿;30.603875456521116;»—“»Õ¿;;;;[[37.48028569898172, 55.554419073725455], [37.48820964076711, 55.554420092089835], [37.488208295893585, 55.55891169301472], [37.48028345025973, 55.55891067448017], [37.48028569898172, 55.554419073725455]]
37469;83693;July;2020;;;;;;;747.0;11.492307692307692;»—“»Õ¿;37.25893764907357;»—“»Õ¿;151.0;2.3230769230769233;»—“»Õ¿;14.685160588971705;»—“»Õ¿;;;;[[37.5832969066378, 55.55439235534135], [37.59122083444829, 55.55438671419008], [37.59123123958335, 55.55887830953757], [37.58330640793004, 55.55888395163146], [37.5832969066378, 55.55439235534135]]
37601;84285;July;2020;;;;;;;198.0;3.046153846153846;»—“»Õ¿;16.609592814885392;»—“»Õ¿;135.0;2.076923076923077;»—“»Õ¿;30.946371266053124;»—“»Õ¿;;;;[[37.4248095599428, 55.5588891987647], [37.43273439578739, 55.55889380379105], [37.43272672182179, 55.56338539731689], [37.4248009818779, 55.563380791521006], [37.4248095599428, 55.5588891987647]]
38041;86113;July;2020;;;;;;;541.0;8.323076923076924;»—“»Õ¿;14.314087112780037;»—“»Õ¿;221.0;3.4;»—“»Õ¿;13.41849337569458;»—“»Õ¿;;;;[[37.63090014408388, 55.57231716027801], [37.63882766444293, 55.57230843969816], [37.638843514338106, 55.57680001432465], [37.630915085254216, 55.576808736366424], [37.63090014408388, 55.57231716027801]]
38165;86691;July;2020;;;;;;;253.0;3.8923076923076922;»—“»Õ¿;29.435828654231518;»—“»Õ¿;205.0;3.1538461538461537;»—“»Õ¿;71.72341018855835;»—“»Õ¿;;;;[[37.448560602657814, 55.5768678388725], [37.45648906216329, 55.57687090888352], [37.456484094901114, 55.58136249095256], [37.448554730273855, 55.5813594204284], [37.448560602657814, 55.5768678388725]]
38169;86693;July;2020;;;;;;;1452.0;22.338461538461537;»—“»Õ¿;34.99313258791031;»—“»Õ¿;873.0;13.430769230769231;»—“»Õ¿;108.9854127894568;»—“»Õ¿;;;;[[37.464417524037074, 55.5768734661962], [37.472345986088584, 55.57687551080976], [37.47234282907162, 55.58136709364801], [37.464413461897344, 55.5813650486927], [37.464417524037074, 55.5768734661962]]
38189;87248;July;2020;;;;;;;183.0;2.8153846153846156;»—“»Õ¿;9.979986386001348;»—“»Õ¿;171.0;2.6307692307692307;»—“»Õ¿;17.852648879496;»—“»Õ¿;;;;[[37.0996679281457, 55.58071667372083], [37.107596980302596, 55.580742306045444], [37.107552176942875, 55.58523378222991], [37.09962221952974, 55.58520814562073], [37.0996679281457, 55.58071667372083]]
38253;87278;July;2020;;;;;;;410.0;6.3076923076923075;»—“»Õ¿;11.451610478891514;»—“»Õ¿;136.0;2.0923076923076924;»—“»Õ¿;10.47366513602712;»—“»Õ¿;;;;[[37.33754390784657, 55.58126259200855], [37.345473228952656, 55.58127284147853], [37.34545558510328, 55.58576440524927], [37.33752535863767, 55.585754154065995], [37.33754390784657, 55.58126259200855]]
38313;87314;July;2020;;;;;;;750.0;11.538461538461538;»—“»Õ¿;6.759966124326968;»—“»Õ¿;787.0;12.107692307692307;»—“»Õ¿;38.554268684550905;»—“»Õ¿;;;;[[37.62300069222576, 55.58130851876283], [37.63093003063507, 55.58130030804342], [37.63094498023538, 55.58579187750204], [37.62301473645939, 55.58580008959397], [37.62300069222576, 55.58130851876283]]
38397;87891;July;2020;;;;;;;320.0;4.923076923076923;»—“»Õ¿;18.915696105282283;»—“»Õ¿;131.0;2.0153846153846153;»—“»Õ¿;18.04342006315823;»—“»Õ¿;;;;[[37.43268831951375, 55.58584331908308], [37.44061858594868, 55.585847415860016], [37.44061180461898, 55.59033899019192], [37.432680632552916, 55.59033489273015], [37.43268831951375, 55.58584331908308]]
38401;87893;July;2020;;;;;;;785.0;12.076923076923077;»—“»Õ¿;67.97113016051674;»—“»Õ¿;434.0;6.676923076923077;»—“»Õ¿;37.24841295080163;»—“»Õ¿;;;;[[37.448548856231966, 55.58585099976818], [37.45647912623656, 55.585854070805624], [37.456474156171495, 55.59034564625003], [37.448542980534384, 55.590342574699214], [37.448548856231966, 55.58585099976818]]
38405;87897;July;2020;;;;;;;412.0;6.338461538461538;»—“»Õ¿;22.00781818764733;»—“»Õ¿;212.0;3.2615384615384615;»—“»Õ¿;27.36196569321092;»—“»Õ¿;;;;[[37.480269944606796, 55.585860206697255], [37.488200218685684, 55.58586122625361], [37.48819887115526, 55.5903528028942], [37.48026769144228, 55.5903517831674], [37.480269944606796, 55.585860206697255]]
38413;87902;July;2020;;;;;;;127.0;1.9538461538461538;ÀŒ∆‹;7.556500227306245;»—“»Õ¿;164.0;2.523076923076923;»—“»Õ¿;35.97579243614013;»—“»Õ¿;;;;[[37.51992132108692, 55.58586017577291], [37.52785159257591, 55.585858630976794], [37.52785477321652, 55.59035020718353], [37.5199235960939, 55.59035175223788], [37.51992132108692, 55.58586017577291]]
38417;87903;July;2020;;;;;;;381.0;5.861538461538461;»—“»Õ¿;7.927278192058945;»—“»Õ¿;195.0;3.0;»—“»Õ¿;29.59297547157281;»—“»Õ¿;;;;[[37.52785159257591, 55.585858630976794], [37.535781867039475, 55.58585657330948], [37.5357859533138, 55.59034814917224], [37.52785477321652, 55.59035020718353], [37.52785159257591, 55.585858630976794]]
38445;88458;July;2020;;;;;;;620.0;9.538461538461538;»—“»Õ¿;14.627065104652281;»—“»Õ¿;147.0;2.2615384615384615;»—“»Õ¿;6.362420674153373;»—“»Õ¿;;;;[[37.16302373051545, 55.58989037746273], [37.17095468550316, 55.589911915002794], [37.170917103162694, 55.594403415721025], [37.16298524043569, 55.59438187457508], [37.16302373051545, 55.58989037746273]]
38449;88459;July;2020;;;;;;;613.0;9.430769230769231;»—“»Õ¿;22.496027930026244;»—“»Õ¿;152.0;2.3384615384615386;»—“»Õ¿;12.128570932345617;»—“»Õ¿;;;;[[37.17095468550316, 55.589911915002794], [37.178885651091186, 55.58993293961724], [37.178848974557916, 55.59442444385028], [37.170917103162694, 55.594403415721025], [37.17095468550316, 55.589911915002794]]
38473;88470;July;2020;;;;;;;41.0;0.6307692307692307;ÀŒ∆‹;2.143486470534019;»—“»Õ¿;136.0;2.0923076923076924;»—“»Õ¿;19.133972212066112;»—“»Õ¿;;;;[[37.258195837658796, 55.59011497400831], [37.26612690493096, 55.59013035525938], [37.2661001925192, 55.594621892495994], [37.25816821940788, 55.59460650757692], [37.258195837658796, 55.59011497400831]]
38529;88491;July;2020;;;;;;;503.0;7.7384615384615385;»—“»Õ¿;23.978023633660563;»—“»Õ¿;268.0;4.123076923076923;»—“»Õ¿;10.480885393343573;»—“»Õ¿;;;;[[37.424749462655654, 55.59033028231336], [37.432680632552916, 55.59033489273015], [37.4326729434214, 55.59482646416121], [37.424740867638086, 55.594821852973645], [37.424749462655654, 55.59033028231336]]
38533;88493;July;2020;;;;;;;842.0;12.953846153846154;»—“»Õ¿;31.656211188829943;»—“»Õ¿;378.0;5.815384615384615;»—“»Õ¿;18.83363526993926;»—“»Õ¿;;;;[[37.44061180461898, 55.59033899019192], [37.448542980534384, 55.590342574699214], [37.44853710317759, 55.594834147414545], [37.44060502137435, 55.594830562308], [37.44061180461898, 55.59033899019192]]
38537;88498;July;2020;;;;;;;649.0;9.984615384615385;»—“»Õ¿;10.78204417577627;»—“»Õ¿;453.0;6.969230769230769;»—“»Õ¿;34.385426236617164;»—“»Õ¿;;;;[[37.48026769144228, 55.5903517831674], [37.48819887115526, 55.5903528028942], [37.48819752324432, 55.594844377319475], [37.480265437641485, 55.59484335742219], [37.48026769144228, 55.5903517831674]]
38541;88499;July;2020;;;;;;;480.0;7.384615384615385;»—“»Õ¿;12.788843920545098;»—“»Õ¿;265.0;4.076923076923077;»—“»Õ¿;34.11872008991363;»—“»Õ¿;;;;[[37.48819887115526, 55.5903528028942], [37.496130051248436, 55.59035330966475], [37.49612960922747, 55.594844884174734], [37.48819752324432, 55.594844377319475], [37.48819887115526, 55.5903528028942]]
38553;88526;July;2020;;;;;;;389.0;5.984615384615385;»—“»Õ¿;46.708014769421276;»—“»Õ¿;156.0;2.4;»—“»Õ¿;28.328307915254385;»—“»Õ¿;;;;[[37.70234004552949, 55.59018643973877], [37.710271140270336, 55.590173096791226], [37.710295156975796, 55.59466464117328], [37.70236315637818, 55.59467798635146], [37.70234004552949, 55.59018643973877]]
38573;89061;July;2020;;;;;;;690.0;10.615384615384615;»—“»Õ¿;25.040015039994927;»—“»Õ¿;147.0;2.2615384615384615;»—“»Õ¿;24.935571377386374;»—“»Õ¿;;;;[[37.19471274814778, 55.59446495997248], [37.202644650790646, 55.594484449061355], [37.20261068212472, 55.59897595945088], [37.19467787340315, 55.598956467651895], [37.19471274814778, 55.59446495997248]]
38581;89070;July;2020;;;;;;;76.0;1.1692307692307693;ÀŒ∆‹;3.2974536825439773;»—“»Õ¿;152.0;2.3384615384615386;»—“»Õ¿;25.453286306687676;»—“»Õ¿;;;;[[37.2661001925192, 55.594621892495994], [37.27403217123166, 55.5946367643847], [37.27400635738675, 55.59912830078771], [37.26607347063363, 55.5991134264089], [37.2661001925192, 55.594621892495994]]
38589;89072;July;2020;;;;;;;266.0;4.092307692307692;»—“»Õ¿;2.0327446102767452;»—“»Õ¿;246.0;3.7846153846153845;»—“»Õ¿;10.599291873205345;»—“»Õ¿;;;;[[37.28196415722593, 55.594651123245825], [37.28989615024638, 55.594664969078366], [37.289872148624035, 55.599156509100446], [37.281939249488005, 55.59914266204945], [37.28196415722593, 55.594651123245825]]
38593;89073;July;2020;;;;;;;230.0;3.5384615384615383;»—“»Õ¿;3.2752042919947346;»—“»Õ¿;320.0;4.923076923076923;»—“»Õ¿;10.761682547970238;»—“»Õ¿;;;;[[37.28989615024638, 55.594664969078366], [37.297828151005554, 55.594678301882986], [37.297805054527196, 55.59916984413254], [37.289872148624035, 55.599156509100446], [37.28989615024638, 55.594664969078366]]
38601;89087;July;2020;;;;;;;184.0;2.830769230769231;»—“»Õ¿;5.08296616976181;»—“»Õ¿;170.0;2.6153846153846154;»—“»Õ¿;14.92747936444379;»—“»Õ¿;;;;[[37.40094465586214, 55.59480494116979], [37.408876723602845, 55.59481109147758], [37.408866313879635, 55.59930265702627], [37.40093334000038, 55.59929650569021], [37.40094465586214, 55.59480494116979]]
38613;89091;July;2020;;;;;;;573.0;8.815384615384616;»—“»Õ¿;27.233330820585973;»—“»Õ¿;293.0;4.507692307692308;»—“»Õ¿;14.511439155196026;»—“»Õ¿;;;;[[37.4326729434214, 55.59482646416121], [37.44060502137435, 55.594830562308], [37.44059823621569, 55.59932213111201], [37.432665252120266, 55.59931803228006], [37.4326729434214, 55.59482646416121]]
38617;89092;July;2020;;;;;;;990.0;15.23076923076923;»—“»Õ¿;27.948039194178037;»—“»Õ¿;517.0;7.953846153846154;»—“»Õ¿;14.44026638578504;»—“»Õ¿;;;;[[37.44060502137435, 55.594830562308], [37.44853710317759, 55.594834147414545], [37.44853122416239, 55.59932571681795], [37.44059823621569, 55.59932213111201], [37.44060502137435, 55.594830562308]]
38621;89098;July;2020;;;;;;;241.0;3.707692307692308;»—“»Õ¿;18.147476961628513;»—“»Õ¿;238.0;3.6615384615384614;»—“»Õ¿;31.238978601769013;»—“»Õ¿;;;;[[37.48819752324432, 55.594844377319475], [37.49612960922747, 55.594844884174734], [37.496129167081875, 55.599336454276795], [37.48819617495335, 55.5993359473368], [37.48819752324432, 55.594844377319475]]
38625;89106;July;2020;;;;;;;1097.0;16.876923076923077;»—“»Õ¿;15.499545118328566;»—“»Õ¿;257.0;3.953846153846154;»—“»Õ¿;11.16385222945106;»—“»Õ¿;;;;[[37.55165420803162, 55.594834066983566], [37.55958628591882, 55.59483046950491], [37.55959309293199, 55.599322038293415], [37.55166010890179, 55.59932563637354], [37.55165420803162, 55.594834066983566]]
38657;89664;July;2020;;;;;;;580.0;8.923076923076923;»—“»Õ¿;25.600696593508786;»—“»Õ¿;195.0;3.0;»—“»Õ¿;25.41899192441656;»—“»Õ¿;;;;[[37.24227486148007, 55.59906572461159], [37.250207722908726, 55.59908213832058], [37.250179182715115, 55.60357366258967], [37.24224541493225, 55.60355724668454], [37.24227486148007, 55.59906572461159]]
38665;89666;July;2020;;;;;;;120.0;1.8461538461538463;ÀŒ∆‹;10.686913071510666;»—“»Õ¿;137.0;2.1076923076923078;»—“»Õ¿;14.017722533422354;»—“»Õ¿;;;;[[37.25814059335729, 55.599098038921355], [37.26607347063363, 55.5991134264089], [37.266046743150625, 55.60360495590929], [37.25811295951755, 55.60358956584898], [37.25814059335729, 55.599098038921355]]
38669;89667;July;2020;;;;;;;78.0;1.2;ÀŒ∆‹;3.3934121562851542;»—“»Õ¿;144.0;2.2153846153846155;»—“»Õ¿;23.09519347844369;»—“»Õ¿;;;;[[37.26607347063363, 55.5991134264089], [37.27400635738675, 55.59912830078771], [37.27398053626361, 55.60361983277505], [37.266046743150625, 55.60360495590929], [37.26607347063363, 55.5991134264089]]
38673;89669;July;2020;;;;;;;127.0;1.9538461538461538;ÀŒ∆‹;6.560919596967137;»—“»Õ¿;187.0;2.876923076923077;»—“»Õ¿;32.22946260659931;»—“»Õ¿;;;;[[37.281939249488005, 55.59914266204945], [37.289872148624035, 55.599156509100446], [37.28984814022268, 55.60364804690077], [37.28191433472733, 55.60363419643799], [37.281939249488005, 55.59914266204945]]
38693;89682;July;2020;;;;;;;811.0;12.476923076923077;»—“»Õ¿;22.122926363746053;»—“»Õ¿;228.0;3.5076923076923077;»—“»Õ¿;20.704750822385463;»—“»Õ¿;;;;[[37.385067399172826, 55.599282663640736], [37.393000366409716, 55.599289841226586], [37.392988140964256, 55.60378140022348], [37.3850542673359, 55.603774221437526], [37.385067399172826, 55.599282663640736]]
38705;89685;July;2020;;;;;;;340.0;5.230769230769231;»—“»Õ¿;6.14893849062091;»—“»Õ¿;133.0;2.046153846153846;»—“»Õ¿;22.215411778254012;»—“»Õ¿;;;;[[37.408866313879635, 55.59930265702627], [37.41679929069652, 55.59930829523685], [37.416789784433405, 55.60379985731923], [37.40885590122136, 55.60379421816594], [37.408866313879635, 55.59930265702627]]
38713;89687;July;2020;;;;;;;143.0;2.2;»—“»Õ¿;7.649611622653482;»—“»Õ¿;151.0;2.3230769230769233;»—“»Õ¿;33.5155515403834;»—“»Õ¿;;;;[[37.424732270195285, 55.59931342032156], [37.432665252120266, 55.59931803228006], [37.43265755865051, 55.60380959599048], [37.4247236703284, 55.60380498326086], [37.424732270195285, 55.59931342032156]]
38717;89688;July;2020;;;;;;;222.0;3.4153846153846152;»—“»Õ¿;10.531012104432506;»—“»Õ¿;185.0;2.8461538461538463;»—“»Õ¿;22.71491640079358;»—“»Õ¿;;;;[[37.432665252120266, 55.59931803228006], [37.44059823621569, 55.59932213111201], [37.44059144914393, 55.603813695507746], [37.43265755865051, 55.60380959599048], [37.432665252120266, 55.59931803228006]]
38721;89704;July;2020;;;;;;;451.0;6.938461538461539;»—“»Õ¿;17.67234092517311;»—“»Õ¿;169.0;2.6;»—“»Õ¿;19.204611269758274;»—“»Õ¿;;;;[[37.55959309293199, 55.599322038293415], [37.56752607891419, 55.59931792708461], [37.56753379424482, 55.60380949077742], [37.55959990186443, 55.60381360267364], [37.55959309293199, 55.599322038293415]]
38725;89718;July;2020;;;;;;;1143.0;17.584615384615386;»—“»Õ¿;48.81574731645837;»—“»Õ¿;177.0;2.723076923076923;»—“»Õ¿;20.962368933269467;»—“»Õ¿;;;;[[37.67065458422296, 55.599217787015085], [37.6785875164617, 55.59920649207491], [37.678607921236335, 55.603698038232324], [37.67067408261994, 55.603709335061], [37.67065458422296, 55.599217787015085]]
38729;89719;July;2020;;;;;;;813.0;12.507692307692308;»—“»Õ¿;29.680019232667746;»—“»Õ¿;220.0;3.3846153846153846;»—“»Õ¿;24.482791150047717;»—“»Õ¿;;;;[[37.6785875164617, 55.59920649207491], [37.68652044294379, 55.5991946840157], [37.68654175409387, 55.60368622819882], [37.678607921236335, 55.603698038232324], [37.6785875164617, 55.59920649207491]]
38757;90274;July;2020;;;;;;;777.0;11.953846153846154;»—“»Õ¿;12.105467500363531;»—“»Õ¿;144.0;2.2153846153846155;»—“»Õ¿;21.750096441159858;»—“»Õ¿;;;;[[37.3850542673359, 55.603774221437526], [37.392988140964256, 55.60378140022348], [37.39297591206546, 55.608272957003905], [37.3850411317896, 55.60826577701758], [37.3850542673359, 55.603774221437526]]
38773;90280;July;2020;;;;;;;205.0;3.1538461538461537;»—“»Õ¿;5.959200340921843;»—“»Õ¿;151.0;2.3230769230769233;»—“»Õ¿;19.937836360013964;»—“»Õ¿;;;;[[37.43265755865051, 55.60380959599048], [37.44059144914393, 55.603813695507746], [37.44058466015502, 55.60830525768826], [37.432649863007576, 55.608301157485506], [37.43265755865051, 55.60380959599048]]
38777;90306;July;2020;;;;;;;561.0;8.63076923076923;»—“»Õ¿;20.442975079191545;»—“»Õ¿;482.0;7.415384615384616;»—“»Õ¿;48.78173603468218;»—“»Õ¿;;;;[[37.63893868439711, 55.60374939030234], [37.646872542522516, 55.60374014630108], [37.646889326506496, 55.60823169508685], [37.638954561740064, 55.60824094063379], [37.63893868439711, 55.60374939030234]]
38781;90310;July;2020;;;;;;;421.0;6.476923076923077;»—“»Õ¿;14.816190279605458;»—“»Õ¿;183.0;2.8153846153846156;»—“»Õ¿;47.278588483069036;»—“»Õ¿;;;;[[37.67067408261994, 55.603709335061], [37.678607921236335, 55.603698038232324], [37.67862833176473, 55.60818957997726], [37.67069358651511, 55.608200878694845], [37.67067408261994, 55.603709335061]]
38805;90861;July;2020;;;;;;;516.0;7.938461538461539;»—“»Õ¿;20.928212361315765;»—“»Õ¿;195.0;3.0;»—“»Õ¿;34.49517141815939;»—“»Õ¿;;;;[[37.32156304164756, 55.608189858527524], [37.32949778509713, 55.608201144862534], [37.32947829756466, 55.61269268632191], [37.32154264528876, 55.612681398096754], [37.32156304164756, 55.608189858527524]]
38809;90862;July;2020;;;;;;;473.0;7.276923076923077;»—“»Õ¿;26.760448165035303;»—“»Õ¿;256.0;3.9384615384615387;»—“»Õ¿;33.96470988754896;»—“»Õ¿;;;;[[37.32949778509713, 55.608201144862534], [37.33743253404565, 55.608211917906374], [37.3374139534045, 55.6127034611672], [37.32947829756466, 55.61269268632191], [37.32949778509713, 55.608201144862534]]
38813;90867;July;2020;;;;;;;655.0;10.076923076923077;»—“»Õ¿;25.50419389161697;»—“»Õ¿;144.0;2.2153846153846155;»—“»Õ¿;12.69842057042824;»—“»Õ¿;;;;[[37.36917158261661, 55.608249877158435], [37.37710635522134, 55.60825808373557], [37.37709230906546, 55.612749634716224], [37.369156627623134, 55.612741426764714], [37.36917158261661, 55.608249877158435]]
38833;90875;July;2020;;;;;;;274.0;4.2153846153846155;»—“»Õ¿;4.584439699248853;»—“»Õ¿;147.0;2.2615384615384615;»—“»Õ¿;20.252428154773007;»—“»Õ¿;;;;[[37.432649863007576, 55.608301157485506], [37.44058466015502, 55.60830525768826], [37.44057786925152, 55.612796815460904], [37.43264216519436, 55.61279271457249], [37.432649863007576, 55.608301157485506]]
38853;91457;July;2020;;;;;;;430.0;6.615384615384615;»—“»Õ¿;32.5569840236064;»—“»Õ¿;176.0;2.707692307692308;»—“»Õ¿;30.877723643042174;»—“»Õ¿;;;;[[37.35328528056339, 55.61272347072375], [37.361220952339025, 55.612732705434716], [37.361205087910506, 55.61722424917482], [37.353268508977806, 55.61721501401595], [37.35328528056339, 55.61272347072375]]
38861;91509;July;2020;;;;;;;478.0;7.3538461538461535;»—“»Õ¿;22.862365557484033;»—“»Õ¿;167.0;2.5692307692307694;»—“»Õ¿;19.693090087181144;»—“»Õ¿;;;;[[37.76594046843635, 55.612522931857754], [37.77387603355184, 55.61250547079845], [37.77390734114211, 55.616996976538125], [37.76597087182084, 55.61701444051111], [37.76594046843635, 55.612522931857754]]
38889;92044;July;2020;;;;;;;911.0;14.015384615384615;»—“»Õ¿;93.89589708030965;»—“»Õ¿;144.0;2.2153846153846155;»—“»Õ¿;20.181315122020187;»—“»Õ¿;;;;[[37.31358569338521, 55.61716113078092], [37.32152224510985, 55.61717293435317], [37.32150183917667, 55.62166446619772], [37.31356438005319, 55.621652660651456], [37.31358569338521, 55.61716113078092]]
38905;92054;July;2020;;;;;;;154.0;2.3692307692307693;»—“»Õ¿;28.907931585380247;»—“»Õ¿;218.0;3.353846153846154;»—“»Õ¿;74.64182450644299;»—“»Õ¿;;;;[[37.39295144391446, 55.61725605953047], [37.400888041707304, 55.61726272845047], [37.40087670986629, 55.62175427640877], [37.39293920465659, 55.621747606373475], [37.39295144391446, 55.61725605953047]]
38913;92056;July;2020;;;;;;;256.0;3.9384615384615387;»—“»Õ¿;21.401593792957435;»—“»Õ¿;167.0;2.5692307692307694;»—“»Õ¿;18.08629044740938;»—“»Õ¿;;;;[[37.40882464560447, 55.61726888390427], [37.41676124760034, 55.61727452588565], [37.41675173059677, 55.62176607581697], [37.40881422118187, 55.62176043289203], [37.40882464560447, 55.61726888390427]]
38917;92057;July;2020;;;;;;;335.0;5.153846153846154;»—“»Õ¿;13.200822324520189;»—“»Õ¿;237.0;3.646153846153846;»—“»Õ¿;23.00544243784104;»—“»Õ¿;;;;[[37.41676124760034, 55.61727452588565], [37.42469785615704, 55.6172796544005], [37.42468924657394, 55.62177120518951], [37.41675173059677, 55.62176607581697], [37.41676124760034, 55.61727452588565]]
38921;92058;July;2020;;;;;;;410.0;6.3076923076923075;»—“»Õ¿;14.431131695634406;»—“»Õ¿;207.0;3.1846153846153844;»—“»Õ¿;23.427077630058072;»—“»Õ¿;;;;[[37.42469785615704, 55.6172796544005], [37.432634465206284, 55.61728426944453], [37.4326267630444, 55.62177582100536], [37.42468924657394, 55.62177120518951], [37.42469785615704, 55.6172796544005]]
38953;92648;July;2020;;;;;;;135.0;2.076923076923077;»—“»Õ¿;19.996473261805534;»—“»Õ¿;135.0;2.076923076923077;»—“»Õ¿;54.21849673786346;»—“»Õ¿;;;;[[37.40087670986629, 55.62175427640877], [37.40881422118187, 55.62176043289203], [37.408803793816006, 55.6262519785682], [37.400865374825784, 55.626245821055264], [37.40087670986629, 55.62175427640877]]
38957;92651;July;2020;;;;;;;517.0;7.953846153846154;»—“»Õ¿;21.01552247138774;»—“»Õ¿;442.0;6.8;»—“»Õ¿;60.74190641023215;»—“»Õ¿;;;;[[37.42468924657394, 55.62177120518951], [37.4326267630444, 55.62177582100536], [37.43261905870782, 55.62626736925519], [37.424680634559955, 55.626262752667344], [37.42468924657394, 55.62177120518951]]
38965;92697;July;2020;;;;;;;473.0;7.276923076923077;»—“»Õ¿;14.98395066551182;»—“»Õ¿;367.0;5.6461538461538465;»—“»Õ¿;19.50766996075943;»—“»Õ¿;;;;[[37.78981339095572, 55.62145200564364], [37.79775074131892, 55.621432998144606], [37.797784789448954, 55.625924489057354], [37.78984653147228, 55.62594349973534], [37.78981339095572, 55.62145200564364]]
38985;93238;July;2020;;;;;;;337.0;5.184615384615385;»—“»Õ¿;20.240575322464075;»—“»Õ¿;163.0;2.5076923076923077;»—“»Õ¿;27.93726010638179;»—“»Õ¿;;;;[[37.377050146804976, 55.626224266684275], [37.384988552517335, 55.62623196511391], [37.384975398421936, 55.63072350303482], [37.37703608478322, 55.63071580331755], [37.377050146804976, 55.626224266684275]]
38989;93239;July;2020;;;;;;;291.0;4.476923076923077;»—“»Õ¿;12.109884896505577;»—“»Õ¿;173.0;2.6615384615384614;»—“»Õ¿;27.334273179239823;»—“»Õ¿;;;;[[37.384988552517335, 55.62623196511391], [37.39292696194303, 55.6262391499044], [37.39291471577545, 55.63073068902705], [37.384975398421936, 55.63072350303482], [37.384988552517335, 55.62623196511391]]
38993;93240;July;2020;;;;;;;189.0;2.9076923076923076;»—“»Õ¿;20.518548297344076;»—“»Õ¿;238.0;3.6615384615384614;»—“»Õ¿;25.455039116456987;»—“»Õ¿;;;;[[37.39292696194303, 55.6262391499044], [37.400865374825784, 55.626245821055264], [37.40085403658733, 55.630737361293725], [37.39291471577545, 55.63073068902705], [37.39292696194303, 55.6262391499044]]
38997;93241;July;2020;;;;;;;305.0;4.6923076923076925;»—“»Õ¿;16.077827707960836;»—“»Õ¿;328.0;5.046153846153846;»—“»Õ¿;37.40900498121453;»—“»Õ¿;;;;[[37.400865374825784, 55.626245821055264], [37.408803793816006, 55.6262519785682], [37.40879336350826, 55.630743519836564], [37.40085403658733, 55.630737361293725], [37.400865374825784, 55.626245821055264]]
39013;93289;July;2020;;;;;;;950.0;14.615384615384615;»—“»Õ¿;17.255080785336297;»—“»Õ¿;478.0;7.3538461538461535;»—“»Õ¿;13.105412905429752;»—“»Õ¿;;;;[[37.78190826219983, 55.62596199679886], [37.78984653147228, 55.62594349973534], [37.7898796813467, 55.630434990503915], [37.78194050419277, 55.630453489564786], [37.78190826219983, 55.62596199679886]]
39029;93855;July;2020;;;;;;;354.0;5.446153846153846;»—“»Õ¿;11.797534974493072;»—“»Õ¿;147.0;2.2615384615384615;»—“»Õ¿;16.737746487113014;»—“»Õ¿;;;;[[37.55964079584678, 55.63076292380303], [37.56758013199265, 55.63075880777919], [37.5675878625852, 55.63525034939005], [37.55964761824818, 55.635254466102396], [37.55964079584678, 55.63076292380303]]
39033;93856;July;2020;;;;;;;326.0;5.015384615384615;»—“»Õ¿;14.342532228125279;»—“»Õ¿;162.0;2.4923076923076923;»—“»Õ¿;12.0576468136296;»—“»Õ¿;;;;[[37.56758013199265, 55.63075880777919], [37.575519465955935, 55.63075417802757], [37.575528104738815, 55.635245718864006], [37.5675878625852, 55.63525034939005], [37.56758013199265, 55.63075880777919]]
39061;94430;July;2020;;;;;;;906.0;13.938461538461539;»—“»Õ¿;18.290091519709826;»—“»Õ¿;456.0;7.015384615384615;»—“»Õ¿;31.05298341444319;»—“»Õ¿;;;;[[37.4087829302524, 55.63523505889018], [37.416723163461704, 55.635240704647124], [37.416713635704724, 55.639732240785996], [37.40877249405113, 55.63972659408463], [37.4087829302524, 55.63523505889018]]
39065;94435;July;2020;;;;;;;461.0;7.092307692307692;»—“»Õ¿;16.378358556404248;»—“»Õ¿;585.0;9.0;»—“»Õ¿;17.381209056746123;»—“»Õ¿;;;;[[37.448484130327174, 55.6352581495504], [37.456424378298955, 55.63526122624231], [37.45641939277867, 55.63975276581406], [37.44847823635793, 55.63974968860749], [37.448484130327174, 55.6352581495504]]
39069;94436;July;2020;;;;;;;378.0;5.815384615384615;»—“»Õ¿;6.6310965630114564;»—“»Õ¿;390.0;6.0;»—“»Õ¿;20.27426996912779;»—“»Õ¿;;;;[[37.456424378298955, 55.63526122624231], [37.46436462670929, 55.63526378911948], [37.464360549638386, 55.63975532911995], [37.45641939277867, 55.63975276581406], [37.456424378298955, 55.63526122624231]]
39073;94440;July;2020;;;;;;;1311.0;20.16923076923077;»—“»Õ¿;27.46017270000706;»—“»Õ¿;249.0;3.830769230769231;»—“»Õ¿;8.594662365087338;»—“»Õ¿;;;;[[37.48818537491383, 55.6352683948632], [37.49612562542064, 55.63526890248184], [37.49612518215035, 55.63976044278948], [37.4881840231932, 55.63975993508592], [37.48818537491383, 55.6352683948632]]
39077;94448;July;2020;;;;;;;386.0;5.938461538461539;»—“»Õ¿;25.581126439209115;»—“»Õ¿;209.0;3.2153846153846155;»—“»Õ¿;33.35754083894896;»—“»Õ¿;;;;[[37.551707375860744, 55.63525806899912], [37.55964761824818, 55.635254466102396], [37.55965444257561, 55.6397460045433], [37.551713291740334, 55.63974960804273], [37.551707375860744, 55.63525806899912]]
39081;94449;July;2020;;;;;;;377.0;5.8;»—“»Õ¿;21.40220133604882;»—“»Õ¿;876.0;13.476923076923077;»—“»Õ¿;43.4330564828594;»—“»Õ¿;;;;[[37.55964761824818, 55.635254466102396], [37.5675878625852, 55.63525034939005], [37.56759559536019, 55.63974188714229], [37.55965444257561, 55.6397460045433], [37.55964761824818, 55.635254466102396]]
39085;94451;July;2020;;;;;;;533.0;8.2;»—“»Õ¿;56.89499731254547;»—“»Õ¿;149.0;2.292307692307692;»—“»Õ¿;32.71730355073073;»—“»Õ¿;;;;[[37.575528104738815, 55.635245718864006], [37.58346834057595, 55.635240574527245], [37.58347789024296, 55.639732110644346], [37.5755367459605, 55.63973725584167], [37.575528104738815, 55.635245718864006]]
39113;95027;July;2020;;;;;;;212.0;3.2615384615384615;»—“»Õ¿;11.143280465942711;»—“»Õ¿;507.0;7.8;»—“»Õ¿;11.49721766638406;»—“»Õ¿;;;;[[37.4405370835405, 55.63974609750168], [37.44847823635793, 55.63974968860749], [37.44847234072316, 55.64424122490289], [37.440530279200914, 55.64423763319632], [37.4405370835405, 55.63974609750168]]
39117;95028;July;2020;;;;;;;260.0;4.0;»—“»Õ¿;32.805938360396794;»—“»Õ¿;357.0;5.492307692307692;»—“»Õ¿;54.20093919012742;»—“»Õ¿;;;;[[37.44847823635793, 55.63974968860749], [37.45641939277867, 55.63975276581406], [37.45641440584956, 55.64424430262426], [37.44847234072316, 55.64424122490289], [37.44847823635793, 55.63974968860749]]
39121;95070;July;2020;;;;;;;811.0;12.476923076923077;»—“»Õ¿;55.195458646676016;»—“»Õ¿;186.0;2.8615384615384616;»—“»Õ¿;29.80837542289943;»—“»Õ¿;;;;[[37.782005015513214, 55.63943646732295], [37.78994600917546, 55.63941796097598], [37.78997918714109, 55.643909441228104], [37.78203728483594, 55.64392795067098], [37.782005015513214, 55.63943646732295]]
39141;95621;July;2020;;;;;;;176.0;2.707692307692308;»—“»Õ¿;6.50624921020259;»—“»Õ¿;442.0;6.8;»—“»Õ¿;10.463405522871396;»—“»Õ¿;;;;[[37.440530279200914, 55.64423763319632], [37.44847234072316, 55.64424122490289], [37.44846644342433, 55.64873275679221], [37.440523472939155, 55.64872916558115], [37.440530279200914, 55.64423763319632]]
39145;95622;July;2020;;;;;;;260.0;4.0;»—“»Õ¿;44.18729821238569;»—“»Õ¿;160.0;2.4615384615384617;»—“»Õ¿;34.49397089992553;»—“»Õ¿;;;;[[37.44847234072316, 55.64424122490289], [37.45641440584956, 55.64424430262426], [37.45640941751288, 55.64873583502848], [37.44846644342433, 55.64873275679221], [37.44847234072316, 55.64424122490289]]
39149;95664;July;2020;;;;;;;430.0;6.615384615384615;»—“»Õ¿;60.94553730199067;»—“»Õ¿;130.0;2.0;»—“»Õ¿;32.693354584738834;»—“»Õ¿;;;;[[37.78203728483594, 55.64392795067098], [37.78997918714109, 55.643909441228104], [37.79001237447906, 55.64840091815786], [37.78206956327432, 55.64841943069735], [37.78203728483594, 55.64392795067098]]
39153;95668;July;2020;;;;;;;175.0;2.6923076923076925;»—“»Õ¿;8.975694103222848;»—“»Õ¿;1022.0;15.723076923076922;»—“»Õ¿;112.67809965426912;»—“»Õ¿;;;;[[37.81380483582573, 55.64385082912975], [37.82174669620199, 55.643830264947375], [37.821783522004395, 55.64832172807507], [37.81384074984454, 55.64834229680201], [37.81380483582573, 55.64385082912975]]
39161;96217;July;2020;;;;;;;276.0;4.246153846153846;»—“»Õ¿;11.22807012732806;»—“»Õ¿;292.0;4.492307692307692;»—“»Õ¿;22.592197667460105;»—“»Õ¿;;;;[[37.440523472939155, 55.64872916558115], [37.44846644342433, 55.64873275679221], [37.44846054445795, 55.65322428646847], [37.44051666475613, 55.65322069355995], [37.440523472939155, 55.64872916558115]]
39165;96218;July;2020;;;;;;;186.0;2.8615384615384616;»—“»Õ¿;12.344055423721997;»—“»Õ¿;192.0;2.953846153846154;»—“»Õ¿;16.34304115357159;»—“»Õ¿;;;;[[37.44846644342433, 55.64873275679221], [37.45640941751288, 55.64873583502848], [37.456404427765676, 55.653227365219756], [37.44846054445795, 55.65322428646847], [37.44846644342433, 55.64873275679221]]
39169;96246;July;2020;;;;;;;333.0;5.123076923076923;»—“»Õ¿;6.786685842479369;»—“»Õ¿;471.0;7.246153846153846;»—“»Õ¿;49.574788771539176;»—“»Õ¿;;;;[[37.67086937346444, 55.64862462935099], [37.678812288972466, 55.64861331361478], [37.67883275721625, 55.65310482330665], [37.670888932511446, 55.65311614093612], [37.67086937346444, 55.64862462935099]]
39173;96247;July;2020;;;;;;;438.0;6.7384615384615385;»—“»Õ¿;5.40854641008484;»—“»Õ¿;459.0;7.061538461538461;»—“»Õ¿;43.54254210570035;»—“»Õ¿;;;;[[37.678812288972466, 55.64861331361478], [37.68675519676042, 55.64860148381781], [37.68677657419855, 55.65309299153043], [37.67883275721625, 55.65310482330665], [37.678812288972466, 55.64861331361478]]
39177;96811;July;2020;;;;;;;265.0;4.076923076923077;»—“»Õ¿;13.185036339528676;»—“»Õ¿;221.0;3.4;»—“»Õ¿;28.406744104806403;»—“»Õ¿;;;;[[37.43257278697797, 55.65321658649379], [37.44051666475613, 55.65322069355995], [37.440509854647786, 55.65771221932578], [37.43256506739518, 55.65770811157241], [37.43257278697797, 55.65321658649379]]
39181;96812;July;2020;;;;;;;277.0;4.2615384615384615;»—“»Õ¿;8.111825599463188;»—“»Õ¿;191.0;2.9384615384615387;»—“»Õ¿;12.955716228366837;»—“»Õ¿;;;;[[37.44051666475613, 55.65322069355995], [37.44846054445795, 55.65322428646847], [37.44845464382481, 55.65771581283546], [37.440509854647786, 55.65771221932578], [37.44051666475613, 55.65322069355995]]
39185;96841;July;2020;;;;;;;211.0;3.246153846153846;»—“»Õ¿;14.486067713456608;»—“»Õ¿;357.0;5.492307692307692;»—“»Õ¿;62.30284809239481;»—“»Õ¿;;;;[[37.670888932511446, 55.65311614093612], [37.67883275721625, 55.65310482330665], [37.67885323124331, 55.6575963296847], [37.670908497084845, 55.65760764920785], [37.670888932511446, 55.65311614093612]]
39189;96855;July;2020;;;;;;;468.0;7.2;»—“»Õ¿;22.020981495163788;»—“»Õ¿;141.0;2.169230769230769;»—“»Õ¿;22.750095371118576;»—“»Õ¿;;;;[[37.7821018508319, 55.65291090740228], [37.79004557120108, 55.65289239286188], [37.79007877729052, 55.65738386259936], [37.78213414751613, 55.65740238133419], [37.7821018508319, 55.65291090740228]]
39193;96857;July;2020;;;;;;;294.0;4.523076923076923;»—“»Õ¿;21.605494168650264;»—“»Õ¿;411.0;6.323076923076923;»—“»Õ¿;59.58955012864436;»—“»Õ¿;;;;[[37.797989283152205, 55.652873363087835], [37.80593298158852, 55.65285381918973], [37.8059680065015, 55.65734528356949], [37.798023398651225, 55.65736482964125], [37.797989283152205, 55.652873363087835]]
39197;96858;July;2020;;;;;;;255.0;3.923076923076923;»—“»Õ¿;7.288611286821478;»—“»Õ¿;566.0;8.707692307692307;»—“»Õ¿;41.633749309854366;»—“»Õ¿;;;;[[37.80593298158852, 55.65285381918973], [37.8138766740096, 55.652833761149864], [37.813912608324834, 55.65732522217353], [37.8059680065015, 55.65734528356949], [37.80593298158852, 55.65285381918973]]
39201;97400;July;2020;;;;;;;778.0;11.96923076923077;»—“»Õ¿;24.07584654817491;»—“»Õ¿;161.0;2.476923076923077;»—“»Õ¿;8.861620468043668;»—“»Õ¿;;;;[[37.384896395774916, 55.6576726659507], [37.39284116608409, 55.65767985915908], [37.39282889567689, 55.6621713762008], [37.384883215642816, 55.662164181788775], [37.384896395774916, 55.6576726659507]]
39205;97406;July;2020;;;;;;;408.0;6.276923076923077;»—“»Õ¿;22.44659893032243;»—“»Õ¿;449.0;6.907692307692308;»—“»Õ¿;66.72223531156746;»—“»Õ¿;;;;[[37.43256506739518, 55.65770811157241], [37.440509854647786, 55.65771221932578], [37.44050304261505, 55.66220374178241], [37.43255734563097, 55.66219963334168], [37.43256506739518, 55.65770811157241]]
39209;97438;July;2020;;;;;;;193.0;2.9692307692307693;»—“»Õ¿;4.63022226538567;»—“»Õ¿;290.0;4.461538461538462;»—“»Õ¿;23.91095774555231;»—“»Õ¿;;;;[[37.686797957676816, 55.65758449592877], [37.69474268000709, 55.65757214793512], [37.69476497923124, 55.66206364640497], [37.68681934719238, 55.662075995916624], [37.686797957676816, 55.65758449592877]]
39213;97452;July;2020;;;;;;;597.0;9.184615384615384;»—“»Õ¿;39.185419397778304;»—“»Õ¿;347.0;5.338461538461538;»—“»Õ¿;44.55682473286946;»—“»Õ¿;;;;[[37.798023398651225, 55.65736482964125], [37.8059680065015, 55.65734528356949], [37.80600304130307, 55.661836743529626], [37.79805752379874, 55.6618562939686], [37.798023398651225, 55.65736482964125]]
39217;97454;July;2020;;;;;;;396.0;6.092307692307692;»—“»Õ¿;7.954905300297891;»—“»Õ¿;684.0;10.523076923076923;»—“»Õ¿;44.038282768603466;»—“»Õ¿;;;;[[37.813912608324834, 55.65732522217353], [37.82185719902426, 55.65730464656317], [37.82189405314876, 55.66179610081995], [37.8139485527854, 55.661816678776816], [37.813912608324834, 55.65732522217353]]
39221;97456;July;2020;;;;;;;162.0;2.4923076923076923;»—“»Õ¿;7.330006282885709;»—“»Õ¿;377.0;5.8;»—“»Õ¿;29.512113476891574;»—“»Õ¿;;;;[[37.82980178028214, 55.65728355673478], [37.8377463469932, 55.657261952702996], [37.837785020415645, 55.661753399815865], [37.8298395440579, 55.66177500746261], [37.82980178028214, 55.65728355673478]]
39229;98030;July;2020;;;;;;;328.0;5.046153846153846;»—“»Õ¿;29.710874763477143;»—“»Õ¿;164.0;2.523076923076923;»—“»Õ¿;31.578076452220465;»—“»Õ¿;;;;[[37.67092806718198, 55.662099153069974], [37.678873711050905, 55.66208783165271], [37.678894196658746, 55.666579333048325], [37.67094764282175, 55.666590656360135], [37.67092806718198, 55.662099153069974]]
39237;98045;July;2020;;;;;;;531.0;8.169230769230769;»—“»Õ¿;8.931564044608926;»—“»Õ¿;251.0;3.8615384615384616;»—“»Õ¿;11.756331971933468;»—“»Õ¿;;;;[[37.79011199277127, 55.66187533011148], [37.79805752379874, 55.6618562939686], [37.798091658602665, 55.66634775661827], [37.79014521765103, 55.66636679594666], [37.79011199277127, 55.66187533011148]]
39241;98047;July;2020;;;;;;;167.0;2.5692307692307694;»—“»Õ¿;18.83473061116319;»—“»Õ¿;261.0;4.015384615384615;»—“»Õ¿;42.846447623888;»—“»Õ¿;;;;[[37.80600304130307, 55.661836743529626], [37.8139485527854, 55.661816678776816], [37.8139845074259, 55.666308134797305], [37.80603808990654, 55.66632820289805], [37.80600304130307, 55.661836743529626]]
39245;98048;July;2020;;;;;;;241.0;3.707692307692308;»—“»Õ¿;17.80989214836699;»—“»Õ¿;351.0;5.4;»—“»Õ¿;28.24751760861643;»—“»Õ¿;;;;[[37.8139485527854, 55.661816678776816], [37.82189405314876, 55.66179610081995], [37.821930917692846, 55.66628755230037], [37.8139845074259, 55.666308134797305], [37.8139485527854, 55.661816678776816]]
39249;98050;July;2020;;;;;;;183.0;2.8153846153846156;»—“»Õ¿;2.6805341476418985;»—“»Õ¿;241.0;3.707692307692308;»—“»Õ¿;14.465166861684347;»—“»Õ¿;;;;[[37.8298395440579, 55.66177500746261], [37.837785020415645, 55.661753399815865], [37.83782370477201, 55.66624484415075], [37.829877318510405, 55.66626645541329], [37.8298395440579, 55.66177500746261]]
39253;98641;July;2020;;;;;;;855.0;13.153846153846153;»—“»Õ¿;38.97228854612115;»—“»Õ¿;470.0;7.230769230769231;»—“»Õ¿;26.857428495043376;»—“»Õ¿;;;;[[37.80603808990654, 55.66632820289805], [37.8139845074259, 55.666308134797305], [37.81402047220644, 55.6707995847532], [37.8060731445143, 55.67081965621234], [37.80603808990654, 55.66632820289805]]
39261;98644;July;2020;;;;;;;340.0;5.230769230769231;»—“»Õ¿;7.687984396919361;»—“»Õ¿;151.0;2.3230769230769233;»—“»Õ¿;4.339129337862396;»—“»Õ¿;;;;[[37.829877318510405, 55.66626645541329], [37.83782370477201, 55.66624484415075], [37.83786240004763, 55.670736283515], [37.82991510362534, 55.670757898394164], [37.829877318510405, 55.66626645541329]]
39265;99233;July;2020;;;;;;;979.0;15.061538461538461;»—“»Õ¿;51.24720590045571;»—“»Õ¿;449.0;6.907692307692308;»—“»Õ¿;27.27178307808093;»—“»Õ¿;;;;[[37.79812580303339, 55.670839213204864], [37.8060731445143, 55.67081965621234], [37.80610820904779, 55.67531110839679], [37.798159957119644, 55.67533066701779], [37.79812580303339, 55.670839213204864]]
39281;99843;July;2020;;;;;;;843.0;12.96923076923077;»—“»Õ¿;16.152817653655802;»—“»Õ¿;444.0;6.8307692307692305;»—“»Õ¿;26.00022401091855;»—“»Õ¿;;;;[[37.9253306318566, 55.674955959466715], [37.93327869428869, 55.6749281663883], [37.93332833919219, 55.679419548964844], [37.92537936614176, 55.67944734669487], [37.9253306318566, 55.674955959466715]]
39285;100365;July;2020;;;;;;;118.0;1.8153846153846154;ÀŒ∆‹;4.742138457873027;»—“»Õ¿;147.0;2.2615384615384615;»—“»Õ¿;42.99416103276257;»—“»Õ¿;;;;[[37.33713461131952, 55.680076209124806], [37.345083906579184, 55.68008649637393], [37.34506615277257, 55.684577988892386], [37.337115946511574, 55.684567699921345], [37.33713461131952, 55.680076209124806]]
39297;100376;July;2020;;;;;;;376.0;5.7846153846153845;»—“»Õ¿;17.607836587595493;»—“»Õ¿;666.0;10.246153846153845;»—“»Õ¿;119.51177456118987;»—“»Õ¿;;;;[[37.424577098505424, 55.68016106201074], [37.43252643674229, 55.680165687877505], [37.43251870406029, 55.684657192006654], [37.42456845480632, 55.6846525653656], [37.424577098505424, 55.68016106201074]]
39301;100420;July;2020;;;;;;;2072.0;31.876923076923077;»—“»Õ¿;73.48358367490209;»—“»Õ¿;1524.0;23.446153846153845;»—“»Õ¿;51.93282491081429;»—“»Õ¿;;;;[[37.77434658000426, 55.679877721308856], [37.78229577081611, 55.67985970172355], [37.782328122303205, 55.684351154635806], [37.77437802053131, 55.68436917723724], [37.77434658000426, 55.679877721308856]]
39305;100421;July;2020;;;;;;;1167.0;17.953846153846154;»—“»Õ¿;26.052628098951956;»—“»Õ¿;1322.0;20.338461538461537;»—“»Õ¿;39.24987555811483;»—“»Õ¿;;;;[[37.78229577081611, 55.67985970172355], [37.79024494860303, 55.67984116749467], [37.79027821104617, 55.684332617304655], [37.782328122303205, 55.684351154635806], [37.78229577081611, 55.67985970172355]]
39309;100422;July;2020;;;;;;;487.0;7.492307692307692;»—“»Õ¿;7.898797301988791;»—“»Õ¿;753.0;11.584615384615384;»—“»Õ¿;8.313404311528783;»—“»Õ¿;;;;[[37.79024494860303, 55.67984116749467], [37.798194120869326, 55.679822118605415], [37.798228294277855, 55.68431356687158], [37.79027821104617, 55.684332617304655], [37.79024494860303, 55.67984116749467]]
39321;100441;July;2020;;;;;;;456.0;7.015384615384615;»—“»Õ¿;13.06159035376054;»—“»Õ¿;131.0;2.0153846153846153;»—“»Õ¿;3.528963575532321;»—“»Õ¿;;;;[[37.941277297236844, 55.679391236616226], [37.94922623904815, 55.67936240965477], [37.94927771974681, 55.683853781523375], [37.94132786707061, 55.6838826133098], [37.941277297236844, 55.679391236616226]]
39325;100443;July;2020;;;;;;;529.0;8.138461538461538;»—“»Õ¿;22.015563469631765;»—“»Õ¿;146.0;2.246153846153846;»—“»Õ¿;7.099894390959427;»—“»Õ¿;;;;[[37.957175168275015, 55.67933307026116], [37.96512408363915, 55.679303214055196], [37.96517738602516, 55.683794573822745], [37.95722755980761, 55.68382443502591], [37.957175168275015, 55.67933307026116]]
39333;101014;July;2020;;;;;;;1544.0;23.753846153846155;»—“»Õ¿;8.998990017983946;»—“»Õ¿;352.0;5.415384615384616;»—“»Õ¿;19.7932127947061;»—“»Õ¿;;;;[[37.75847779445638, 55.684403678210295], [37.76642791083973, 55.684386685096435], [37.76645845194706, 55.68887814063001], [37.75850742142831, 55.68889513659469], [37.75847779445638, 55.684403678210295]]
39337;101015;July;2020;;;;;;;968.0;14.892307692307693;»—“»Õ¿;9.055715187919933;»—“»Õ¿;580.0;8.923076923076923;»—“»Õ¿;36.22293806422833;»—“»Õ¿;;;;[[37.76642791083973, 55.684386685096435], [37.77437802053131, 55.68436917723724], [37.77440946996359, 55.68886063203929], [37.76645845194706, 55.68887814063001], [37.76642791083973, 55.684386685096435]]
39361;101039;July;2020;;;;;;;713.0;10.96923076923077;»—“»Õ¿;19.78226438222385;»—“»Õ¿;133.0;2.046153846153846;»—“»Õ¿;4.784595949439291;»—“»Õ¿;;;;[[37.95722755980761, 55.68382443502591], [37.96517738602516, 55.683794573822745], [37.96523070350155, 55.68828593189371], [37.957279966172706, 55.68831579809523], [37.95722755980761, 55.68382443502591]]
39369;101570;July;2020;;;;;;;499.0;7.676923076923077;»—“»Õ¿;28.225960079417025;»—“»Õ¿;682.0;10.492307692307692;»—“»Õ¿;94.37746913693098;»—“»Õ¿;;;;[[37.44046212996439, 55.68915280704049], [37.448413292669414, 55.68915640476225], [37.44840737867969, 55.693647904114286], [37.440455304440796, 55.69364430579028], [37.44046212996439, 55.68915280704049]]
39373;101579;July;2020;;;;;;;740.0;11.384615384615385;»—“»Õ¿;39.421882522282715;»—“»Õ¿;298.0;4.584615384615384;»—“»Õ¿;36.3920554334724;»—“»Õ¿;;;;[[37.5120226386747, 55.68916665204117], [37.51997380909072, 55.68916561613726], [37.51997609892394, 55.693657117031336], [37.51202401697159, 55.69365815310866], [37.5120226386747, 55.68916665204117]]
39377;101602;July;2020;;;;;;;609.0;9.36923076923077;»—“»Õ¿;18.510290635104617;»—“»Õ¿;294.0;4.523076923076923;»—“»Õ¿;21.866642839122026;»—“»Õ¿;;;;[[37.69489890701561, 55.68901257037089], [37.70284999734431, 55.6889996930655], [37.70287325224704, 55.693491167828086], [37.69492125041269, 55.69350404728917], [37.69489890701561, 55.68901257037089]]
39381;101613;July;2020;;;;;;;686.0;10.553846153846154;»—“»Õ¿;15.944694379726787;»—“»Õ¿;164.0;2.523076923076923;»—“»Õ¿;12.683334167524764;»—“»Õ¿;;;;[[37.78236048295354, 55.68884260642101], [37.79031148291058, 55.688824065986886], [37.790344768049614, 55.69331550914678], [37.782392852739065, 55.69333405269379], [37.78236048295354, 55.68884260642101]]
39389;101632;July;2020;;;;;;;716.0;11.015384615384615;»—“»Õ¿;72.35486161132704;»—“»Õ¿;178.0;2.7384615384615385;»—“»Õ¿;27.640944424742607;»—“»Õ¿;;;;[[37.933427671134915, 55.688402306300205], [37.941378451177975, 55.68837398447285], [37.94142904960772, 55.69286535394288], [37.933477358178976, 55.69289368051124], [37.933427671134915, 55.688402306300205]]
39397;102158;July;2020;;;;;;;423.0;6.507692307692308;»—“»Õ¿;8.425405483160626;»—“»Õ¿;148.0;2.276923076923077;»—“»Õ¿;6.1164151782962115;»—“»Õ¿;;;;[[37.376838795854475, 55.69359698164627], [37.38479084840265, 55.69360469942257], [37.3847776384297, 55.69809618933054], [37.376824674098295, 55.69808847026219], [37.376838795854475, 55.69359698164627]]
39401;102162;July;2020;;;;;;;354.0;5.446153846153846;»—“»Õ¿;13.441320160293223;»—“»Õ¿;380.0;5.846153846153846;»—“»Õ¿;43.83955818602766;»—“»Õ¿;;;;[[37.40864702645515, 55.69362476316879], [37.41659909142579, 55.69363042122165], [37.41658952859901, 55.698121915435806], [37.40863655184007, 55.69811625643571], [37.40864702645515, 55.69362476316879]]
39405;102199;July;2020;;;;;;;750.0;11.538461538461538;»—“»Õ¿;10.877848969708628;»—“»Õ¿;351.0;5.4;»—“»Õ¿;21.789452625963413;»—“»Õ¿;;;;[[37.70287325224704, 55.693491167828086], [37.710825246533915, 55.69347777344646], [37.710849419762425, 55.697969240460424], [37.702896513715224, 55.697982637084436], [37.70287325224704, 55.693491167828086]]
39409;102756;July;2020;;;;;;;185.0;2.8461538461538463;»—“»Õ¿;14.645016745266473;»—“»Õ¿;236.0;3.6307692307692307;»—“»Õ¿;45.36506361993793;»—“»Õ¿;;;;[[37.40863655184007, 55.69811625643571], [37.41658952859901, 55.698121915435806], [37.41657996307093, 55.702613404697466], [37.40862607426614, 55.702607744749926], [37.40863655184007, 55.69811625643571]]
39413;102757;July;2020;;;;;;;372.0;5.723076923076923;»—“»Õ¿;18.143939698639453;»—“»Õ¿;1014.0;15.6;»—“»Õ¿;84.59423946255785;»—“»Õ¿;;;;[[37.41658952859901, 55.698121915435806], [37.42454250903345, 55.69812705941864], [37.424533855552404, 55.70261854954153], [37.41657996307093, 55.702613404697466], [37.41658952859901, 55.698121915435806]]
39417;102780;July;2020;;;;;;;437.0;6.723076923076923;»—“»Õ¿;17.56778022350359;»—“»Õ¿;839.0;12.907692307692308;»—“»Õ¿;82.61998907819608;»—“»Õ¿;;;;[[37.599508235095634, 55.69810992714877], [37.607461207531124, 55.698103225690964], [37.60747353119051, 55.70259471182351], [37.59951964671133, 55.7026014144033], [37.599508235095634, 55.69810992714877]]
39425;103957;July;2020;;;;;;;233.0;3.5846153846153848;»—“»Õ¿;4.198496881510298;»—“»Õ¿;236.0;3.6307692307692307;»—“»Õ¿;14.608126472463036;»—“»Õ¿;;;;[[37.535892602440384, 55.70712798110028], [37.54384741685856, 55.707125398926074], [37.54385244698744, 55.71161688719942], [37.53589672000197, 55.711619469806], [37.535892602440384, 55.70712798110028]]
39429;103995;July;2020;;;;;;;477.0;7.338461538461538;»—“»Õ¿;21.55411363964253;»—“»Õ¿;242.0;3.723076923076923;»—“»Õ¿;33.881254782612764;»—“»Õ¿;;;;[[37.83817236031816, 55.70666768692868], [37.84612693923787, 55.7066455279187], [37.846166645595474, 55.71113693529204], [37.838211154199804, 55.711159098012345], [37.83817236031816, 55.70666768692868]]
39457;104547;July;2020;;;;;;;240.0;3.6923076923076925;»—“»Õ¿;9.277557449889631;»—“»Õ¿;165.0;2.5384615384615383;»—“»Õ¿;17.33219984911253;»—“»Õ¿;;;;[[37.53589672000197, 55.711619469806], [37.54385244698744, 55.71161688719942], [37.543857478537056, 55.716108369973476], [37.53590084163994, 55.71611095301168], [37.53589672000197, 55.711619469806]]
39461;104585;July;2020;;;;;;;581.0;8.938461538461539;»—“»Õ¿;15.9570261210335;»—“»Õ¿;169.0;2.6;»—“»Õ¿;22.326797517060157;»—“»Õ¿;;;;[[37.838211154199804, 55.711159098012345], [37.846166645595474, 55.71113693529204], [37.84620636317736, 55.7156283382441], [37.8382499590478, 55.7156505046756], [37.838211154199804, 55.711159098012345]]
39509;105130;July;2020;;;;;;;652.0;10.03076923076923;»—“»Õ¿;17.36581710196117;»—“»Õ¿;530.0;8.153846153846153;»—“»Õ¿;61.279247069864624;»—“»Õ¿;;;;[[37.488160985399865, 55.71611562858593], [37.49611762735768, 55.716116137736], [37.49611718182607, 55.720607620149245], [37.48815962678349, 55.72060711091389], [37.488160985399865, 55.71611562858593]]
39513;105137;July;2020;;;;;;;175.0;2.6923076923076925;»—“»Õ¿;5.05541391256331;»—“»Õ¿;301.0;4.630769230769231;»—“»Õ¿;53.82922789072255;»—“»Õ¿;;;;[[37.543857478537056, 55.716108369973476], [37.5518141178949, 55.71610527156956], [37.55182006395334, 55.72059675216308], [37.54386251151226, 55.72059985108588], [37.543857478537056, 55.716108369973476]]
39573;105747;July;2020;;;;;;;668.0;10.276923076923078;»—“»Õ¿;29.65391087900002;»—“»Õ¿;622.0;9.569230769230769;»—“»Õ¿;82.09354973683295;»—“»Õ¿;;;;[[37.71892785137757, 55.72041260638169], [37.726885303224186, 55.720398167667], [37.72691134413846, 55.724889612244525], [37.71895297898802, 55.724904053377344], [37.71892785137757, 55.72041260638169]]
39621;106306;July;2020;;;;;;;728.0;11.2;»—“»Õ¿;14.844028725621413;»—“»Õ¿;250.0;3.8461538461538463;»—“»Õ¿;11.597982552945833;»—“»Õ¿;;;;[[37.48815826778297, 55.725098588839664], [37.49611673616849, 55.725099098160285], [37.49611629038468, 55.729590573962184], [37.488156908397485, 55.72959006455625], [37.48815826778297, 55.725098588839664]]
39625;106353;July;2020;;;;;;;341.0;5.246153846153846;»—“»Õ¿;26.669575298899947;»—“»Õ¿;138.0;2.123076923076923;»—“»Õ¿;20.930549799295576;»—“»Õ¿;;;;[[37.86220225686714, 55.724565240506514], [37.87016045369381, 55.724541520141514], [37.87020294551941, 55.72903290310554], [37.862243835176436, 55.72905662525049], [37.86220225686714, 55.724565240506514]]
39629;106359;July;2020;;;;;;;1359.0;20.907692307692308;»—“»Õ¿;42.109583659125775;»—“»Õ¿;339.0;5.2153846153846155;»—“»Õ¿;14.510837977846723;»—“»Õ¿;;;;[[37.9099512474809, 55.72441518752988], [37.91790936441082, 55.7243883742118], [37.91795734000674, 55.728879729872], [37.90999830669677, 55.72890654769069], [37.9099512474809, 55.72441518752988]]
39665;106880;July;2020;;;;;;;326.0;5.015384615384615;»—“»Õ¿;8.466053284235258;»—“»Õ¿;383.0;5.892307692307693;»—“»Õ¿;25.355672418184987;»—“»Õ¿;;;;[[37.37672570989616, 55.729528792446374], [37.38468506296418, 55.72953652056653], [37.384671823064416, 55.73402798236471], [37.376711556147676, 55.7340202529501], [37.37672570989616, 55.729528792446374]]
39669;106895;July;2020;;;;;;;271.0;4.1692307692307695;»—“»Õ¿;10.212255280147328;»—“»Õ¿;155.0;2.3846153846153846;»—“»Õ¿;22.188562767513492;»—“»Õ¿;;;;[[37.49611629038468, 55.729590573962184], [37.50407567735536, 55.72959056774411], [37.50407614530606, 55.734082038595005], [37.496115844474836, 55.73408204481411], [37.49611629038468, 55.729590573962184]]
39673;106931;July;2020;;;;;;;618.0;9.507692307692308;»—“»Õ¿;38.01114531877111;»—“»Õ¿;247.0;3.8;»—“»Õ¿;32.99102170805103;»—“»Õ¿;;;;[[37.78265214385401, 55.72926551106126], [37.79061135731349, 55.7292469426658], [37.79064472341274, 55.73373835596079], [37.78268459615839, 55.733756927466345], [37.78265214385401, 55.72926551106126]]
39729;107521;July;2020;;;;;;;991.0;15.246153846153845;»—“»Õ¿;18.55053043384669;»—“»Õ¿;197.0;3.0307692307692307;»—“»Õ¿;14.845463697514862;»—“»Õ¿;;;;[[37.806564954184665, 55.73369966588072], [37.81452505428786, 55.73367954950852], [37.81456117197127, 55.7381709496345], [37.806600157842794, 55.73819107156942], [37.806564954184665, 55.73369966588072]]
39881;109228;July;2020;;;;;;;200.0;3.076923076923077;»—“»Õ¿;3.6438673102877996;»—“»Õ¿;331.0;5.092307692307692;»—“»Õ¿;51.95509054130682;»—“»Õ¿;;;;[[37.37666907084391, 55.74749461845442], [37.38463208086014, 55.74750235175409], [37.384618825959755, 55.75199380032461], [37.37665490105945, 55.751986065729305], [37.37666907084391, 55.74749461845442]]
39885;109235;July;2020;;;;;;;357.0;5.492307692307692;»—“»Õ¿;4.919708899431211;»—“»Õ¿;177.0;2.723076923076923;»—“»Õ¿;20.977218028545217;»—“»Õ¿;;;;[[37.43241021457966, 55.747537916259496], [37.44037324736725, 55.747542037791035], [37.44036639669128, 55.75203349301047], [37.432402449011306, 55.752029370788414], [37.43241021457966, 55.747537916259496]]
39913;109810;July;2020;;;;;;;95.0;1.4615384615384615;ÀŒ∆‹;10.722570291256694;»—“»Õ¿;156.0;2.4;»—“»Õ¿;35.73102300964467;»—“»Õ¿;;;;[[37.36869098017205, 55.75197781508246], [37.37665490105945, 55.751986065729305], [37.37664072725518, 55.756477511890296], [37.368675889281434, 55.756469259859], [37.36869098017205, 55.75197781508246]]
39917;109817;July;2020;;;;;;;529.0;8.138461538461538;»—“»Õ¿;29.403653095370885;»—“»Õ¿;246.0;3.7846153846153845;»—“»Õ¿;30.283347979065866;»—“»Õ¿;;;;[[37.42443850450258, 55.75202473251211], [37.432402449011306, 55.752029370788414], [37.432394681239934, 55.7565208242051], [37.42442982158024, 55.75651618515167], [37.42443850450258, 55.75202473251211]]
39921;109820;July;2020;;;;;;;316.0;4.861538461538461;»—“»Õ¿;14.376686362478502;»—“»Õ¿;299.0;4.6;»—“»Õ¿;30.135650762879237;»—“»Õ¿;;;;[[37.448330344367314, 55.75203709917661], [37.456294293724355, 55.75204018928764], [37.4562892714105, 55.75653164451693], [37.44832440690033, 55.75652855388818], [37.448330344367314, 55.75203709917661]]
39925;109821;July;2020;;;;;;;351.0;5.4;»—“»Õ¿;13.368817122370665;»—“»Õ¿;306.0;4.707692307692308;»—“»Õ¿;17.83310316770971;»—“»Õ¿;;;;[[37.456294293724355, 55.75204018928764], [37.4642582474194, 55.75204276334418], [37.464254140259534, 55.75653421900476], [37.4562892714105, 55.75653164451693], [37.456294293724355, 55.75204018928764]]
39937;110393;July;2020;;;;;;;320.0;4.923076923076923;»—“»Õ¿;9.153206332868876;»—“»Õ¿;562.0;8.646153846153846;»—“»Õ¿;116.44634079604718;»—“»Õ¿;;;;[[37.368675889281434, 55.756469259859], [37.37664072725518, 55.756477511890296], [37.3766265494382, 55.7609689541966], [37.368660796063075, 55.7609607007826], [37.368675889281434, 55.756469259859]]
39941;110401;July;2020;;;;;;;180.0;2.769230769230769;»—“»Õ¿;13.229916536095363;»—“»Õ¿;152.0;2.3384615384615386;»—“»Õ¿;10.553861220092166;»—“»Õ¿;;;;[[37.432394681239934, 55.7565208242051], [37.44035954407184, 55.756524947117825], [37.440352689514874, 55.761016395727715], [37.432386911272296, 55.76101227212415], [37.432394681239934, 55.7565208242051]]
39945;110983;July;2020;;;;;;;341.0;5.246153846153846;»—“»Õ¿;6.311796189128695;»—“»Õ¿;298.0;4.584615384615384;»—“»Õ¿;39.11360345602995;»—“»Õ¿;;;;[[37.432386911272296, 55.76101227212415], [37.440352689514874, 55.761016395727715], [37.44034583106823, 55.76550784322499], [37.432379139099936, 55.76550371893138], [37.432386911272296, 55.76101227212415]]
39949;110984;July;2020;;;;;;;201.0;3.0923076923076924;»—“»Õ¿;10.134060408614967;»—“»Õ¿;192.0;2.953846153846154;»—“»Õ¿;45.33706682316062;»—“»Õ¿;;;;[[37.440352689514874, 55.761016395727715], [37.44831846775458, 55.7610200031024], [37.448312526923615, 55.76551145120511], [37.44034583106823, 55.76550784322499], [37.440352689514874, 55.761016395727715]]
39953;110985;July;2020;;;;;;;288.0;4.430769230769231;»—“»Õ¿;13.923134193527122;»—“»Õ¿;233.0;3.5846153846153848;»—“»Õ¿;30.529409453253052;»—“»Õ¿;;;;[[37.44831846775458, 55.7610200031024], [37.456284247676614, 55.76102309424903], [37.45627922251725, 55.76551454286973], [37.448312526923615, 55.76551145120511], [37.44831846775458, 55.7610200031024]]
39957;111024;July;2020;;;;;;;704.0;10.830769230769231;»—“»Õ¿;30.67674644933021;»—“»Õ¿;818.0;12.584615384615384;»—“»Õ¿;105.61439450214947;»—“»Õ¿;;;;[[37.75898259858881, 55.760758035574945], [37.76694824283977, 55.76074099401137], [37.76697892831341, 55.7652323953608], [37.75901236844374, 55.76524943977996], [37.75898259858881, 55.760758035574945]]
39965;111550;July;2020;;;;;;;313.0;4.815384615384615;»—“»Õ¿;20.03000350581572;»—“»Õ¿;333.0;5.123076923076923;»—“»Õ¿;37.927224986922525;»—“»Õ¿;;;;[[37.368645698573125, 55.7654521373032], [37.376612367608686, 55.765460392100216], [37.37659818175815, 55.76995182779415], [37.368630596802525, 55.76994357161381], [37.368645698573125, 55.7654521373032]]
39969;111557;July;2020;;;;;;;150.0;2.3076923076923075;»—“»Õ¿;10.751176057322379;»—“»Õ¿;405.0;6.230769230769231;»—“»Õ¿;145.09113215988435;»—“»Õ¿;;;;[[37.42441244836106, 55.76549907832314], [37.432379139099936, 55.76550371893138], [37.4323713647296, 55.7699951602414], [37.424403758062304, 55.76999051885549], [37.42441244836106, 55.76549907832314]]
39973;111558;July;2020;;;;;;;220.0;3.3846153846153846;»—“»Õ¿;6.96710393598597;»—“»Õ¿;231.0;3.5538461538461537;»—“»Õ¿;41.39065888517142;»—“»Õ¿;;;;[[37.432379139099936, 55.76550371893138], [37.44034583106823, 55.76550784322499], [37.44033897262704, 55.76999928522614], [37.4323713647296, 55.7699951602414], [37.432379139099936, 55.76550371893138]]
39977;111559;July;2020;;;;;;;191.0;2.9384615384615387;»—“»Õ¿;7.765308745990119;»—“»Õ¿;134.0;2.0615384615384613;»—“»Õ¿;27.842713154730916;»—“»Õ¿;;;;[[37.44034583106823, 55.76550784322499], [37.448312526923615, 55.76551145120511], [37.44830658441257, 55.77000289381089], [37.44033897262704, 55.76999928522614], [37.44034583106823, 55.76550784322499]]
39981;111560;July;2020;;;;;;;309.0;4.753846153846154;»—“»Õ¿;16.597662463024648;»—“»Õ¿;171.0;2.6307692307692307;»—“»Õ¿;21.64978004337302;»—“»Õ¿;;;;[[37.448312526923615, 55.76551145120511], [37.45627922251725, 55.76551454286973], [37.45627419593677, 55.770005985993606], [37.44830658441257, 55.77000289381089], [37.448312526923615, 55.76551145120511]]
39985;111561;July;2020;;;;;;;416.0;6.4;»—“»Õ¿;14.858649632232853;»—“»Õ¿;195.0;3.0;»—“»Õ¿;22.633428563406383;»—“»Õ¿;;;;[[37.45627922251725, 55.76551454286973], [37.46424592245154, 55.76551711822039], [37.46424181180252, 55.77000856177585], [37.45627419593677, 55.770005985993606], [37.45627922251725, 55.76551454286973]]
39997;111603;July;2020;;;;;;;592.0;9.107692307692307;»—“»Õ¿;50.51925064505003;»—“»Õ¿;300.0;4.615384615384615;»—“»Õ¿;71.37161442898883;»—“»Õ¿;;;;[[37.790878553755405, 55.76517816433959], [37.798845074380374, 55.76515905475445], [37.79887943201968, 55.76965043995065], [37.79091199553118, 55.7696695527381], [37.790878553755405, 55.76517816433959]]
40017;112118;July;2020;;;;;;;391.0;6.015384615384615;»—“»Õ¿;10.013711818193471;»—“»Õ¿;391.0;6.015384615384615;»—“»Õ¿;38.76376568743238;»—“»Õ¿;;;;[[37.368630596802525, 55.76994357161381], [37.37659818175815, 55.76995182779415], [37.3765839918937, 55.774443258537616], [37.368615490758856, 55.77443500097363], [37.368630596802525, 55.76994357161381]]
40073;112692;July;2020;;;;;;;230.0;3.5384615384615383;»—“»Õ¿;12.986347824801648;»—“»Õ¿;136.0;2.0923076923076924;»—“»Õ¿;29.130056446275326;»—“»Õ¿;;;;[[37.41642654587835, 55.774476799078066], [37.42439506529823, 55.77448195772805], [37.42438637007425, 55.77897339165184], [37.416416934207945, 55.77896823213726], [37.41642654587835, 55.774476799078066]]
40077;112695;July;2020;;;;;;;794.0;12.215384615384615;»—“»Õ¿;31.36996649398904;»—“»Õ¿;294.0;4.523076923076923;»—“»Õ¿;18.924608411417886;»—“»Õ¿;;;;[[37.44033211224022, 55.77449072556787], [37.44830064021572, 55.774494334757385], [37.44829469433675, 55.77898577075557], [37.440325249912014, 55.77898216096116], [37.44033211224022, 55.77449072556787]]
40125;113304;July;2020;;;;;;;220.0;3.3846153846153846;»—“»Õ¿;2.974031941581183;»—“»Õ¿;150.0;2.3076923076923075;»—“»Õ¿;2.766787695635694;»—“»Õ¿;;;;[[37.75910172859272, 55.77872362812517], [37.767071036874235, 55.77870657513527], [37.767101757135315, 55.78319796267833], [37.759131532197095, 55.78321501852646], [37.75910172859272, 55.77872362812517]]
40145;113823;July;2020;;;;;;;182.0;2.8;»—“»Õ¿;2.8557340894770005;»—“»Õ¿;214.0;3.292307692307692;»—“»Õ¿;5.123148185389267;»—“»Õ¿;;;;[[37.36858526582164, 55.783417851968316], [37.37655560009428, 55.78342611230056], [37.376541398157926, 55.787917534772234], [37.368570146926636, 55.78790927305538], [37.36858526582164, 55.783417851968316]]
40149;113824;July;2020;;;;;;;759.0;11.676923076923076;»—“»Õ¿;12.93062627733792;»—“»Õ¿;754.0;11.6;»—“»Õ¿;23.702402803728067;»—“»Õ¿;;;;[[37.37655560009428, 55.78342611230056], [37.38452593644512, 55.78343385597353], [37.38451265146875, 55.787925279743206], [37.376541398157926, 55.787917534772234], [37.37655560009428, 55.78342611230056]]
40153;113829;July;2020;;;;;;;253.0;3.8923076923076922;»—“»Õ¿;10.780819151570345;»—“»Õ¿;144.0;2.2153846153846155;»—“»Õ¿;14.516129562791054;»—“»Õ¿;;;;[[37.416407319809075, 55.78345966408508], [37.424377672381986, 55.78346482446446], [37.42436897222581, 55.787956253425094], [37.4163977026866, 55.78795109218075], [37.416407319809075, 55.78345966408508]]
40157;113831;July;2020;;;;;;;428.0;6.584615384615384;»—“»Õ¿;18.799682864833116;»—“»Õ¿;141.0;2.169230769230769;»—“»Õ¿;24.185396960165733;»—“»Õ¿;;;;[[37.43234802839272, 55.783469468184435], [37.440318385635834, 55.7834735952436], [37.44031151941508, 55.78796502567441], [37.43234024520388, 55.78796089792347], [37.43234802839272, 55.783469468184435]]
40161;113872;July;2020;;;;;;;246.0;3.7846153846153845;»—“»Õ¿;4.136504984377325;»—“»Õ¿;168.0;2.5846153846153848;»—“»Õ¿;16.989894927231532;»—“»Õ¿;;;;[[37.759131532197095, 55.78321501852646], [37.767101757135315, 55.78319796267833], [37.767132486091356, 55.78768934526279], [37.75916134423703, 55.7877064039698], [37.759131532197095, 55.78321501852646]]
40165;113874;July;2020;;;;;;;524.0;8.061538461538461;»—“»Õ¿;12.1533747359774;»—“»Õ¿;157.0;2.4153846153846152;»—“»Õ¿;12.875484938212079;»—“»Õ¿;;;;[[37.77507197142158, 55.783180390193195], [37.78304217868728, 55.78316230106374], [37.78307474146512, 55.78765367767066], [37.77510362020886, 55.78767176982566], [37.77507197142158, 55.783180390193195]]
40169;113879;July;2020;;;;;;;469.0;7.2153846153846155;»—“»Õ¿;62.11031851056544;»—“»Õ¿;211.0;3.246153846153846;»—“»Õ¿;78.02714786118841;»—“»Õ¿;;;;[[37.81492291192042, 55.78308477817313], [37.8228930714316, 55.78306410586034], [37.82293021871816, 55.78755546820073], [37.81495914231606, 55.78757614397857], [37.81492291192042, 55.78308477817313]]
40181;114397;July;2020;;;;;;;718.0;11.046153846153846;»—“»Õ¿;16.218002227966835;»—“»Õ¿;198.0;3.046153846153846;»—“»Õ¿;7.598266580724603;»—“»Õ¿;;;;[[37.42436897222581, 55.787956253425094], [37.43234024520388, 55.78796089792347], [37.43233245981183, 55.792452322714524], [37.424360269606844, 55.79244767743759], [37.42436897222581, 55.787956253425094]]
40189;114438;July;2020;;;;;;;338.0;5.2;»—“»Õ¿;15.914120266133883;»—“»Õ¿;401.0;6.1692307692307695;»—“»Õ¿;104.44153084233051;»—“»Õ¿;;;;[[37.7511901929599, 55.78772294594966], [37.75916134423703, 55.7877064039698], [37.759191164741246, 55.79219778829274], [37.75121909920334, 55.79221433303955], [37.7511901929599, 55.78772294594966]]
40193;114439;July;2020;;;;;;;526.0;8.092307692307692;»—“»Õ¿;14.269916116965032;»—“»Õ¿;313.0;4.815384615384615;»—“»Õ¿;31.149669278555578;»—“»Õ¿;;;;[[37.75916134423703, 55.7877064039698], [37.767132486091356, 55.78768934526279], [37.767163223772044, 55.79218072672619], [37.759191164741246, 55.79219778829274], [37.75916134423703, 55.7877064039698]]
40213;114962;July;2020;;;;;;;693.0;10.661538461538461;»—“»Õ¿;25.80521808103824;»—“»Õ¿;390.0;6.0;»—“»Õ¿;39.12189038354425;»—“»Õ¿;;;;[[37.440304651250706, 55.79245645115742], [37.44827684658256, 55.792460062767354], [37.44827089395703, 55.79695148774559], [37.44029778113608, 55.796947875530186], [37.440304651250706, 55.79245645115742]]
40217;115001;July;2020;;;;;;;1049.0;16.138461538461538;»—“»Õ¿;28.578431436841086;»—“»Õ¿;571.0;8.784615384615385;»—“»Õ¿;43.80672083014922;»—“»Õ¿;;;;[[37.75121909920334, 55.79221433303955], [37.759191164741246, 55.79219778829274], [37.75922099369486, 55.79668916875452], [37.75124801071759, 55.79670571627489], [37.75121909920334, 55.79221433303955]]
40225;116100;July;2020;;;;;;;281.0;4.323076923076923;»—“»Õ¿;2.73360713680667;»—“»Õ¿;298.0;4.584615384615384;»—“»Õ¿;16.961729410150667;»—“»Õ¿;;;;[[37.67153749711873, 55.801334162904105], [37.67951147100167, 55.80132278255223], [37.67953213713426, 55.805814178591916], [37.67155724526439, 55.80582556085185], [37.67153749711873, 55.801334162904105]]
40237;117161;July;2020;;;;;;;408.0;6.276923076923077;»—“»Õ¿;15.866901247401035;»—“»Õ¿;149.0;2.292307692307692;»—“»Õ¿;23.862682043050462;»—“»Õ¿;;;;[[37.42432543444377, 55.81041334484173], [37.43230129518492, 55.810417993234175], [37.43229349874679, 55.81490940315605], [37.42431671947747, 55.81490475398414], [37.42432543444377, 55.81041334484173]]
40241;117162;July;2020;;;;;;;273.0;4.2;»—“»Õ¿;20.251401961966064;»—“»Õ¿;144.0;2.2153846153846155;»—“»Õ¿;22.396187675225725;»—“»Õ¿;;;;[[37.43230129518492, 55.810417993234175], [37.44027715910989, 55.81042212444695], [37.44027028120091, 55.81491353506154], [37.43229349874679, 55.81490940315605], [37.43230129518492, 55.810417993234175]]
40245;117214;July;2020;;;;;;;435.0;6.6923076923076925;»—“»Õ¿;14.787696470888509;»—“»Õ¿;154.0;2.3692307692307693;»—“»Õ¿;13.491337682012581;»—“»Õ¿;;;;[[37.84704303915299, 55.809947042400424], [37.85501865917555, 55.809924280689735], [37.85505954345947, 55.81441560837285], [37.847083007903635, 55.81443837169922], [37.84704303915299, 55.809947042400424]]
40261;117727;July;2020;;;;;;;437.0;6.723076923076923;»—“»Õ¿;13.318774200452946;»—“»Õ¿;893.0;13.738461538461538;»—“»Õ¿;129.21983225652332;»—“»Õ¿;;;;[[37.60778275923429, 55.81488081621027], [37.61575952442488, 55.81487356823284], [37.61577285795141, 55.81936496939148], [37.60779517397778, 55.81937221858434], [37.60778275923429, 55.81488081621027]]
40265;117735;July;2020;;;;;;;317.0;4.876923076923077;»—“»Õ¿;17.525037696887257;»—“»Õ¿;211.0;3.246153846153846;»—“»Õ¿;15.222401539469768;»—“»Õ¿;;;;[[37.67159675836658, 55.81480834902099], [37.67957348699178, 55.81479696294365], [37.67959417072126, 55.819288351256105], [37.67161652332749, 55.819299739242794], [37.67159675836658, 55.81480834902099]]
40269;118289;July;2020;;;;;;;629.0;9.676923076923076;»—“»Õ¿;16.23259614200973;»—“»Õ¿;669.0;10.292307692307693;»—“»Õ¿;76.2551847032079;»—“»Õ¿;;;;[[37.77532539269012, 55.81911134272666], [37.78330294349933, 55.819093230963254], [37.78333558021297, 55.82358458105422], [37.775357110424196, 55.82360269749985], [37.77532539269012, 55.81911134272666]]
40273;118777;July;2020;;;;;;;476.0;7.323076923076923;»—“»Õ¿;10.772090864199942;»—“»Õ¿;386.0;5.938461538461539;»—“»Õ¿;15.524980224966148;»—“»Õ¿;;;;[[37.392384838124634, 55.8238637839411], [37.40036344377289, 55.823870504430545], [37.400351963464395, 55.82836190080596], [37.3923724385106, 55.828355179189394], [37.392384838124634, 55.8238637839411]]
40281;118825;July;2020;;;;;;;653.0;10.046153846153846;»—“»Õ¿;10.569573532699138;»—“»Õ¿;415.0;6.384615384615385;»—“»Õ¿;22.512441208123548;»—“»Õ¿;;;;[[37.775357110424196, 55.82360269749985], [37.78333558021297, 55.82358458105422], [37.78336822619666, 55.8280759294762], [37.77538883715567, 55.82809404896018], [37.775357110424196, 55.82360269749985]]
40285;118826;July;2020;;;;;;;544.0;8.36923076923077;»—“»Õ¿;23.130013977462433;»—“»Õ¿;221.0;3.4;»—“»Õ¿;24.7388321334245;»—“»Õ¿;;;;[[37.78333558021297, 55.82358458105422], [37.791314039769716, 55.823565947191845], [37.791347605001896, 55.8280572924887], [37.78336822619666, 55.8280759294762], [37.78333558021297, 55.82358458105422]]
40289;119338;July;2020;;;;;;;372.0;5.723076923076923;»—“»Õ¿;32.87963098385212;»—“»Õ¿;236.0;3.6307692307692307;»—“»Õ¿;44.223255008861756;»—“»Õ¿;;;;[[37.60782001402269, 55.82835501068264], [37.615799536343815, 55.82834775905807], [37.61581288121423, 55.83283914811464], [37.60783243932839, 55.832846400955496], [37.60782001402269, 55.82835501068264]]
40317;119845;July;2020;;;;;;;1254.0;19.29230769230769;»—“»Õ¿;34.67883090243626;»—“»Õ¿;2132.0;32.8;»—“»Õ¿;217.81815561397673;»—“»Õ¿;;;;[[37.40832092865525, 55.83285949736669], [37.41630138137887, 55.832865184886586], [37.416291732264156, 55.8373565771992], [37.40831036165881, 55.837350888726625], [37.40832092865525, 55.83285949736669]]
40333;119887;July;2020;;;;;;;168.0;2.5846153846153848;»—“»Õ¿;3.5495634697332976;»—“»Õ¿;160.0;2.4615384615384617;»—“»Õ¿;29.387051649097664;»—“»Õ¿;;;;[[37.743499256098964, 55.83265271014288], [37.7514795981315, 55.83263665800433], [37.75150858352654, 55.83712801143785], [37.74352732170684, 55.83714406626887], [37.743499256098964, 55.83265271014288]]
40353;120401;July;2020;;;;;;;225.0;3.4615384615384617;»—“»Õ¿;3.141004942748566;»—“»Õ¿;181.0;2.7846153846153845;»—“»Õ¿;9.919429266108276;»—“»Õ¿;;;;[[37.59986350487507, 55.83734452647563], [37.60784486816565, 55.83733779011871], [37.60785730052827, 55.841829175431506], [37.599875017149536, 55.84183591291843], [37.59986350487507, 55.83734452647563]]
40357;120402;July;2020;;;;;;;344.0;5.292307692307692;»—“»Õ¿;2.20503449814072;»—“»Õ¿;331.0;5.092307692307692;»—“»Õ¿;3.8078303209866897;»—“»Õ¿;;;;[[37.60784486816565, 55.83733779011871], [37.6158262298776, 55.83733053606129], [37.615839582327204, 55.84182192015726], [37.60785730052827, 55.841829175431506], [37.60784486816565, 55.83733779011871]]
40413;120930;July;2020;;;;;;;287.0;4.415384615384616;»—“»Õ¿;6.190877801331817;»—“»Õ¿;240.0;3.6923076923076925;»—“»Õ¿;30.550056735151053;»—“»Õ¿;;;;[[37.599875017149536, 55.84183591291843], [37.60785730052827, 55.841829175431506], [37.607869736414564, 55.84632055579777], [37.59988653268692, 55.84632729441494], [37.599875017149536, 55.84183591291843]]
40417;120931;July;2020;;;;;;;502.0;7.723076923076923;»—“»Õ¿;14.573886003114014;»—“»Õ¿;443.0;6.815384615384615;»—“»Õ¿;35.56619522643109;»—“»Õ¿;;;;[[37.60785730052827, 55.841829175431506], [37.615839582327204, 55.84182192015726], [37.61585293856129, 55.846313299306395], [37.607869736414564, 55.84632055579777], [37.60785730052827, 55.841829175431506]]
40465;121444;July;2020;;;;;;;1383.0;21.276923076923076;»—“»Õ¿;53.413393991258076;»—“»Õ¿;570.0;8.76923076923077;»—“»Õ¿;37.070880432086746;»—“»Õ¿;;;;[[37.46417174927075, 55.84636261610944], [37.47215497693349, 55.84636468136805], [37.47215176586828, 55.85085606802811], [37.464167617586725, 55.85085400242299], [37.46417174927075, 55.84636261610944]]
40469;121471;July;2020;;;;;;;574.0;8.830769230769231;»—“»Õ¿;30.683016871851684;»—“»Õ¿;404.0;6.2153846153846155;»—“»Õ¿;49.81980096792991;»—“»Õ¿;;;;[[37.67971839634601, 55.84623660403183], [37.6877015549814, 55.846224688907114], [37.68772320040854, 55.850716049887986], [37.67973912119121, 55.85072796920477], [37.67971839634601, 55.84623660403183]]
40505;121963;July;2020;;;;;;;583.0;8.96923076923077;»—“»Õ¿;9.320688885582502;»—“»Õ¿;265.0;4.076923076923077;»—“»Õ¿;14.926054473921242;»—“»Õ¿;;;;[[37.37634214574733, 55.85079709531138], [37.3843262638319, 55.850804858485816], [37.3843129222195, 55.855296232706], [37.37632788326584, 55.855288468229084], [37.37634214574733, 55.85079709531138]]
40509;121964;July;2020;;;;;;;594.0;9.138461538461538;»—“»Õ¿;36.13879995969561;»—“»Õ¿;270.0;4.153846153846154;»—“»Õ¿;31.38089527166637;»—“»Õ¿;;;;[[37.3843262638319, 55.850804858485816], [37.392310387651484, 55.85081210370312], [37.392297966909865, 55.85530347913887], [37.3843129222195, 55.855296232706], [37.3843262638319, 55.850804858485816]]
40577;123020;July;2020;;;;;;;598.0;9.2;»—“»Õ¿;32.850764119351226;»—“»Õ¿;374.0;5.753846153846154;»—“»Õ¿;51.821397579908925;»—“»Õ¿;;;;[[37.35235575891199, 55.85975343061532], [37.360341706059884, 55.859762750789855], [37.36032559269946, 55.86425411423689], [37.352338724164554, 55.86424479249845], [37.35235575891199, 55.85975343061532]]
40613;124033;July;2020;;;;;;;571.0;8.784615384615385;»—“»Õ¿;9.652882442065522;»—“»Õ¿;195.0;3.0;»—“»Õ¿;4.516095774535554;»—“»Õ¿;;;;[[37.4162241254001, 55.868796224937036], [37.42421194682514, 55.86880140014198], [37.42420319965048, 55.87329276691872], [37.4162144563069, 55.87328758920045], [37.4162241254001, 55.868796224937036]]
40645;125984;July;2020;;;;;;;937.0;14.415384615384616;»—“»Õ¿;11.324638327434446;»—“»Õ¿;438.0;6.7384615384615385;»—“»Õ¿;27.110343470094907;»—“»Õ¿;;;;[[37.48810908643122, 55.88678961563908], [37.49610060810836, 55.88679012804306], [37.49610015775104, 55.89128148498281], [37.48810771309919, 55.89128097249284], [37.48810908643122, 55.88678961563908]]
40649;126469;July;2020;;;;;;;440.0;6.769230769230769;»—“»Õ¿;4.607028998732233;»—“»Õ¿;389.0;5.984615384615385;»—“»Õ¿;38.47903427476144;»—“»Õ¿;;;;[[37.504092607408346, 55.89128147872711], [37.512085050102804, 55.891280953725904], [37.51208644609132, 55.89577230563403], [37.50409308016046, 55.89577283072338], [37.504092607408346, 55.89128147872711]]
40653;126953;July;2020;;;;;;;464.0;7.138461538461539;»—“»Õ¿;9.527965066747594;»—“»Õ¿;722.0;11.107692307692307;»—“»Õ¿;56.32431421157641;»—“»Õ¿;;;;[[37.51208644609132, 55.89577230563403], [37.52007981552793, 55.89577126171176], [37.52008213541327, 55.900262612339716], [37.51208784247717, 55.90026365643724], [37.51208644609132, 55.89577230563403]]
40657;126968;July;2020;;;;;;;915.0;14.076923076923077;»—“»Õ¿;33.803452708024054;»—“»Õ¿;318.0;4.892307692307693;»—“»Õ¿;24.120762079814767;»—“»Õ¿;;;;[[37.63198678346369, 55.89570216947777], [37.63998011546847, 55.89569334309343], [37.63999628775607, 55.90018468064024], [37.632002032266406, 55.90019350850637], [37.63198678346369, 55.89570216947777]]
40661;127436;July;2020;;;;;;;714.0;10.984615384615385;»—“»Õ¿;13.126955756980351;»—“»Õ¿;270.0;4.153846153846154;»—“»Õ¿;25.083937222582033;»—“»Õ¿;;;;[[37.52008213541327, 55.900262612339716], [37.52807642671431, 55.900261049322545], [37.52807967102008, 55.90475239584238], [37.520084455957594, 55.90475395912197], [37.52008213541327, 55.900262612339716]]
40673;128868;July;2020;;;;;;;339.0;5.2153846153846155;»—“»Õ¿;17.058173051588227;»—“»Õ¿;138.0;2.123076923076923;»—“»Õ¿;16.023519492881597;»—“»Õ¿;;;;[[37.384139136076946, 55.91368379171294], [37.39213617396059, 55.91369105397218], [37.39212370372883, 55.91818238320785], [37.38412574130547, 55.91817511972912], [37.384139136076946, 55.91368379171294]]
40677;129831;July;2020;;;;;;;198.0;3.046153846153846;»—“»Õ¿;3.411545732150647;»—“»Õ¿;175.0;2.6923076923076925;»—“»Õ¿;4.009621209074211;»—“»Õ¿;;;;[[37.392111229950196, 55.92267370969328], [37.400110122681184, 55.92268045284846], [37.40009857042308, 55.92717177716848], [37.39209875263096, 55.92716503068771], [37.392111229950196, 55.92267370969328]]
40757;131773;July;2020;;;;;;;273.0;4.2;»—“»Õ¿;10.150450291217954;»—“»Õ¿;155.0;2.3846153846153846;»—“»Õ¿;11.734220811285756;»—“»Õ¿;;;;[[37.560116105259546, 55.94067158745719], [37.568118712614464, 55.94066742355567], [37.568126595864626, 55.94515873778238], [37.56012306238451, 55.94516290238339], [37.560116105259546, 55.94067158745719]]
40761;132223;July;2020;;;;;;;715.0;11.0;»—“»Õ¿;63.132265745827944;»—“»Õ¿;165.0;2.5384615384615383;»—“»Õ¿;17.72471812197509;»—“»Õ¿;;;;[[37.3520312678426, 55.945088735280436], [37.360034768131605, 55.94509808523326], [37.36001856753326, 55.94958938652256], [37.352014140868675, 55.94958003499897], [37.3520312678426, 55.945088735280436]]
40773;132230;July;2020;;;;;;;257.0;3.953846153846154;»—“»Õ¿;3.401850425970542;»—“»Õ¿;230.0;3.5384615384615383;»—“»Õ¿;19.993344576606138;»—“»Õ¿;;;;[[37.408055850564295, 55.945143269408135], [37.416059376596294, 55.94514898084347], [37.41604966067062, 55.94964029068313], [37.40804520825273, 55.949634578288304], [37.408055850564295, 55.945143269408135]]
40789;132698;July;2020;;;;;;;792.0;12.184615384615384;»—“»Õ¿;11.687469315488961;»—“»Õ¿;228.0;3.5076923076923077;»—“»Õ¿;9.68236861986819;»—“»Õ¿;;;;[[37.352014140868675, 55.94958003499897], [37.36001856753326, 55.94958938652256], [37.36000236037344, 55.95408068396325], [37.35199700804692, 55.95407133086956], [37.352014140868675, 55.94958003499897]]
40857;134064;July;2020;;;;;;;219.0;3.3692307692307693;»—“»Õ¿;13.217953874910757;»—“»Õ¿;140.0;2.1538461538461537;»—“»Õ¿;18.381514639619052;»—“»Õ¿;;;;[[37.19181997824569, 55.96275756129948], [37.1998270369347, 55.962777320064546], [37.19979226976107, 55.96726856011148], [37.19178428369939, 55.96724879802618], [37.19181997824569, 55.96275756129948]]
40865;134525;July;2020;;;;;;;256.0;3.9384615384615387;»—“»Õ¿;9.287742843836936;»—“»Õ¿;333.0;5.123076923076923;»—“»Õ¿;11.072617127089472;»—“»Õ¿;;;;[[37.25584843450856, 55.967392326758606], [37.26385649234575, 55.96740792718397], [37.26382913649965, 55.97189918734332], [37.25582015099784, 55.97188358429629], [37.25584843450856, 55.967392326758606]]
40869;134976;July;2020;;;;;;;207.0;3.1846153846153844;»—“»Õ¿;9.171327914751332;»—“»Õ¿;379.0;5.8307692307692305;»—“»Õ¿;20.027417227355215;»—“»Õ¿;;;;[[37.25582015099784, 55.97188358429629], [37.26382913649965, 55.97189918734332], [37.2638017718921, 55.97639044364971], [37.25579185943934, 55.97637483798231], [37.25582015099784, 55.97188358429629]]
40877;135426;July;2020;;;;;;;107.0;1.646153846153846;ÀŒ∆‹;14.984027251679887;»—“»Õ¿;174.0;2.6769230769230767;»—“»Õ¿;37.2445595804402;»—“»Õ¿;;;;[[37.24778195308574, 55.97635871192444], [37.25579185943934, 55.97637483798231], [37.25576355982303, 55.98086608891324], [37.24775272527961, 55.980849960145044], [37.24778195308574, 55.97635871192444]]
40881;135427;July;2020;;;;;;;86.0;1.323076923076923;ÀŒ∆‹;11.807034176822947;»—“»Õ¿;180.0;2.769230769230769;»—“»Õ¿;31.877326842003267;»—“»Õ¿;;;;[[37.25579185943934, 55.97637483798231], [37.2638017718921, 55.97639044364971], [37.26377440046854, 55.9808816972035], [37.25576355982303, 55.98086608891324], [37.25579185943934, 55.97637483798231]]
40885;135876;July;2020;;;;;;;232.0;3.5692307692307694;»—“»Õ¿;8.74258238175505;»—“»Õ¿;321.0;4.938461538461539;»—“»Õ¿;49.44786581984426;»—“»Õ¿;;;;[[37.239741901013524, 55.98083331090794], [37.24775272527961, 55.980849960145044], [37.24772348915526, 55.98534120451378], [37.23971173643867, 55.98532455247825], [37.239741901013524, 55.98083331090794]]
40889;135878;July;2020;;;;;;;99.0;1.523076923076923;ÀŒ∆‹;17.328170603948493;»—“»Õ¿;139.0;2.1384615384615384;»—“»Õ¿;39.89094020292012;»—“»Õ¿;;;;[[37.25576355982303, 55.98086608891324], [37.26377440046854, 55.9808816972035], [37.26374702125507, 55.98537294690665], [37.255735252152675, 55.985357335992916], [37.25576355982303, 55.98086608891324]]
40893;137197;July;2020;;;;;;;490.0;7.538461538461538;»—“»Õ¿;27.15302661817649;»—“»Õ¿;166.0;2.5538461538461537;»—“»Õ¿;29.005949819519632;»—“»Õ¿;;;;[[37.159515783090434, 55.994111809718724], [37.167529298568, 55.99413367464364], [37.16749074517759, 55.99862487770778], [37.15947630049389, 55.998603009107114], [37.159515783090434, 55.994111809718724]]
40901;138054;July;2020;;;;;;;411.0;6.323076923076923;»—“»Õ¿;11.130790555199214;»—“»Õ¿;200.0;3.076923076923077;»—“»Õ¿;10.58533910593804;»—“»Õ¿;;;;[[37.143406095298936, 56.00304889740445], [37.15142144473062, 56.003071811465965], [37.15138100992609, 56.00756299827464], [37.14336473076844, 56.007540080360535], [37.143406095298936, 56.00304889740445]]
40905;138055;July;2020;;;;;;;207.0;3.1846153846153844;»—“»Õ¿;4.880709811454425;»—“»Õ¿;184.0;2.830769230769231;»—“»Õ¿;18.56436392643809;»—“»Õ¿;;;;[[37.15142144473062, 56.003071811465965], [37.15943680665603, 56.003094204636234], [37.159397301582096, 56.00758539520995], [37.15138100992609, 56.00756299827464], [37.15142144473062, 56.003071811465965]]
40913;138058;July;2020;;;;;;;153.0;2.353846153846154;»—“»Õ¿;13.241657312374844;»—“»Õ¿;248.0;3.8153846153846156;»—“»Õ¿;17.346761160249073;»—“»Õ¿;;;;[[37.17546756302952, 56.00313742664119], [37.18348295595565, 56.00315825711496], [37.183446240085644, 56.007649460102776], [37.17542991741593, 56.00762862612673], [37.17546756302952, 56.00313742664119]]
40929;138483;July;2020;;;;;;;128.0;1.9692307692307693;ÀŒ∆‹;7.709465926230214;»—“»Õ¿;168.0;2.5846153846153848;»—“»Õ¿;19.94639277313513;»—“»Õ¿;;;;[[37.15138100992609, 56.00756299827464], [37.159397301582096, 56.00758539520995], [37.159357785233915, 56.012076584665614], [37.15134056358203, 56.01205418396444], [37.15138100992609, 56.00756299827464]]
40933;138484;July;2020;;;;;;;175.0;2.6923076923076925;»—“»Õ¿;5.426952731270392;»—“»Õ¿;215.0;3.3076923076923075;»—“»Õ¿;14.437574962781838;»—“»Õ¿;;;;[[37.159397301582096, 56.00758539520995], [37.16741360253629, 56.007607271156736], [37.1673750161882, 56.01209846429071], [37.159357785233915, 56.012076584665614], [37.159397301582096, 56.00758539520995]]
40937;138485;July;2020;;;;;;;64.0;0.9846153846153847;ÀŒ∆‹;7.3093665557192065;»—“»Õ¿;134.0;2.0615384615384613;»—“»Õ¿;14.497048539157863;»—“»Õ¿;;;;[[37.16741360253629, 56.007607271156736], [37.17542991741593, 56.00762862612673], [37.175392261072545, 56.012119822851396], [37.1673750161882, 56.01209846429071], [37.16741360253629, 56.007607271156736]]
40949;138912;July;2020;;;;;;;46.0;0.7076923076923077;ÀŒ∆‹;8.738368196838646;»—“»Õ¿;131.0;2.0153846153846153;»—“»Õ¿;46.358710277776765;»—“»Õ¿;;;;[[37.1673750161882, 56.01209846429071], [37.175392261072545, 56.012119822851396], [37.175354594004354, 56.01661101571911], [37.16733641885044, 56.01658965356687], [37.1673750161882, 56.01209846429071]]
40953;138913;July;2020;;;;;;;77.0;1.1846153846153846;ÀŒ∆‹;6.56069287326372;»—“»Õ¿;455.0;7.0;»—“»Õ¿;57.27033519642869;»—“»Õ¿;;;;[[37.175392261072545, 56.012119822851396], [37.18340951375081, 56.012140660330566], [37.18337277695604, 56.01663185670218], [37.175354594004354, 56.01661101571911], [37.175392261072545, 56.012119822851396]]
40957;139343;July;2020;;;;;;;75.0;1.1538461538461537;ÀŒ∆‹;3.0471489824846216;»—“»Õ¿;233.0;3.5846153846153848;»—“»Õ¿;18.615679563876583;»—“»Õ¿;;;;[[37.18337277695604, 56.01663185670218], [37.19139097037634, 56.016652176522534], [37.19135515366876, 56.02114337135894], [37.183336029688256, 56.021123050314166], [37.18337277695604, 56.01663185670218]]
